video_id,create_time_ts,caption_raw,hashtags,author_id,author_username,view_count,like_count,comment_count,share_count,save_count,source_type,source_query,crawled_at,crawled_at_ts,author_signature,author_follower_count,author_verified,video_duration_sec,music_id,has_music,brand
7623837303374466326,1775062952,hola capitano 🔴⚪️ #welcometothefam #martinodegaard #arsenal #football #adidas ,"welcometothefam,martinodegaard,arsenal,football,adidas",6821492077018350597,adidas,264998,40532,202,812,1323,user,adidas,2026-04-04 00:29:56,1775233796,,10748359,verified account,12,7623837306425789206,True,adidas
7623795898560023830,1775053313,relaxed girlies unite 💅 @Molly-Mae #thisorthat #mollymae #sambas #superstars #adidasoriginals ,"thisorthat,mollymae,sambas,superstars,adidasoriginals",6821492077018350597,adidas,118323,5542,18,35,120,user,adidas,2026-04-04 00:29:56,1775233796,,10748359,verified account,34,7425650338252048400,True,adidas
7623511755486022934,1774987156,sauce lowkey undefeated #sweetandsour #levelimpossible #dunks #basketball #adidas @McDonald’s All American Games @Zip @ohcholt @Batman @the_real_bigoh @Tk ,"sweetandsour,levelimpossible,dunks,basketball,adidas",6821492077018350597,adidas,54361,2869,55,47,136,user,adidas,2026-04-04 00:29:56,1775233796,,10748359,verified account,28,7623511764449200918,True,adidas
7623063872559189270,1774882874,what did we ask George? 🤷‍♂️ #kimiantonelli #georgerussell #formula1 #adidas @Mercedes-AMG F1 ,"kimiantonelli,georgerussell,formula1,adidas",6821492077018350597,adidas,441268,80855,149,2980,5474,user,adidas,2026-04-04 00:29:56,1775233796,,10748359,verified account,12,7447635546388875265,True,adidas
7621246093724077334,1774459641,🦥 #totowolff #kimiantonelli #georgerussell #formula1 #adidas @Mercedes-AMG F1 ,"totowolff,kimiantonelli,georgerussell,formula1,adidas",6821492077018350597,adidas,51503,4277,89,240,412,user,adidas,2026-04-04 00:29:56,1775233796,,10748359,verified account,12,6987747175394822146,True,adidas
7620504472837491990,1774286967,guess he likes them all 🤷‍♂️ @Pedri González #newkits #worldcup2026 #football #adidas ,"newkits,worldcup2026,football,adidas",6821492077018350597,adidas,3002673,333490,1438,7393,19024,user,adidas,2026-04-04 00:29:56,1775233796,,10748359,verified account,15,7507772951459432464,True,adidas
7620404616714259734,1774263721,the relief in his eyes 😭 #F50 #rodrygo #football #adidas ,"f50,rodrygo,football,adidas",6821492077018350597,adidas,1509349,181730,914,1475,12502,user,adidas,2026-04-04 00:29:56,1775233796,,10748359,verified account,9,7620409797649910550,True,adidas
7619740056248405270,1774108988,fitcheck 24/7 #italy #newkits #fifaworldcup #football #adidas ,"italy,newkits,fifaworldcup,football,adidas",6821492077018350597,adidas,220163,18866,182,413,901,user,adidas,2026-04-04 00:29:56,1775233796,,10748359,verified account,7,7369308454891931665,True,adidas
7619673921012469014,1774093589,keeping this one cleaaaannn 😮‍💨#mexico #newkits #football #adidas ,"mexico,newkits,football,adidas",6821492077018350597,adidas,437048,31510,183,1634,1568,user,adidas,2026-04-04 00:29:56,1775233796,,10748359,verified account,9,6732536571318257666,True,adidas
7619291842751892758,1774004630,ARGENTINA. NEVER. MISS!!!!! #argentina #newkit #fifaworldcup #football #adidasfootball ,"argentina,newkit,fifaworldcup,football,adidasfootball",6821492077018350597,adidas,2850780,350258,734,20445,11509,user,adidas,2026-04-04 00:29:56,1775233796,,10748359,verified account,13,7356836665607276561,True,adidas
7619260520117357846,1773997337,better sit down for this one 🤯#spain #newkit #fifaworldcup #football #adidas ,"spain,newkit,fifaworldcup,football,adidas",6821492077018350597,adidas,817697,104109,344,4997,4584,user,adidas,2026-04-04 00:30:00,1775233800,,10748200,verified account,17,7174175863313795073,True,adidas
7619228512628559126,1773989888,an absolute beauty indeed 😮‍💨 #DFB #newkit #fifaworldcup #football #adidas ,"dfb,newkit,fifaworldcup,football,adidas",6821492077018350597,adidas,708994,76589,397,5547,2997,user,adidas,2026-04-04 00:30:00,1775233800,,10748200,verified account,16,7416675044539861009,True,adidas
7619182693842029846,1773979256,did some cooking with the new away kits 👨‍🍳 #newkits #worldcup2026 #football #adidas ,"newkits,worldcup2026,football,adidas",6821492077018350597,adidas,704174,92965,754,4060,6049,user,adidas,2026-04-04 00:30:00,1775233800,,10748200,verified account,17,7489277689159256080,True,adidas
7618988910017875222,1773934098,this is actually lk impressive #georgerussell #f1 #y3 #adidas @Mercedes-AMG F1 ,"georgerussell,f1,y3,adidas",6821492077018350597,adidas,106997,8643,67,253,689,user,adidas,2026-04-04 00:30:00,1775233800,,10748200,verified account,17,7618988923121535766,True,adidas
7618658214250302742,1773857103,late night train #climacool #adidas ,"climacool,adidas",6821492077018350597,adidas,720199,22606,107,253,867,user,adidas,2026-04-04 00:30:00,1775233800,,10748200,verified account,12,7600130441848687390,True,adidas
7618627230054288662,1773849889,upward cat downward spiral stretch >>> @Wisdom Kaye #hyperboost #Running #adidas,"hyperboost,running,adidas",6821492077018350597,adidas,49852,1553,30,17,72,user,adidas,2026-04-04 00:30:00,1775233800,,10748200,verified account,11,7395543061310621713,True,adidas
7618293479151750422,1773772179,50/50 🤷‍♂️ #madueke #martinelli #football #adidas ,"madueke,martinelli,football,adidas",6821492077018350597,adidas,51311,2311,23,23,90,user,adidas,2026-04-04 00:30:00,1775233800,,10748200,verified account,20,7576677769166358529,True,adidas
7618242980343860502,1773760423,running just got an upgrade 🔥#unboxing #hyperboost #Running #adidas ,"unboxing,hyperboost,running,adidas",6821492077018350597,adidas,51023,1903,62,83,95,user,adidas,2026-04-04 00:30:00,1775233800,,10748200,verified account,13,7364856331688560641,True,adidas
7618196110804323606,1773749513,hardest fit of the weekend award goes to #felix #felixstraykids #f1 #y3 #adidas ,"felix,felixstraykids,f1,y3,adidas",6821492077018350597,adidas,174459,46953,678,2339,5394,user,adidas,2026-04-04 00:30:00,1775233800,,10748200,verified account,0,7360761460374652929,True,adidas
7617894558252141846,1773679298,man’s still chill 🤷‍♂️ @James Harden #superstars #basketball #adidas ,"superstars,basketball,adidas",6821492077018350597,adidas,50941,3121,67,42,117,user,adidas,2026-04-04 00:30:00,1775233800,,10748200,verified account,9,7617894557682764566,True,adidas
7617801634856439062,1773657667,rate these 1-10 #newboots #predator #football #adidas,"newboots,predator,football,adidas",6821492077018350597,adidas,141058,7943,169,168,397,user,adidas,2026-04-04 00:30:04,1775233804,,10748200,verified account,9,7226881151338792962,True,adidas
7616771189855374614,1773417747,waaaaaaaaait for it 😭 @FloWirtz #newkit #liverpoolfc #football #adidas ,"newkit,liverpoolfc,football,adidas",6821492077018350597,adidas,97514,7013,83,156,370,user,adidas,2026-04-04 00:30:04,1775233804,,10748200,verified account,16,7523410206262642689,True,adidas
7616664573638151446,1773392925,served fresh from Anfield 🍽️  #liverpoolfc #newkit #football #adidas,"liverpoolfc,newkit,football,adidas",6821492077018350597,adidas,72084,3824,52,155,224,user,adidas,2026-04-04 00:30:04,1775233804,,10748200,verified account,11,7472778192572942353,True,adidas
7616409799017696534,1773333604,yeah not buying that #leao #cap #adidas ,"leao,cap,adidas",6821492077018350597,adidas,900801,89175,350,2248,3216,user,adidas,2026-04-04 00:30:04,1775233804,,10748200,verified account,11,7462059768598448129,True,adidas
7616063967563156758,1773253080,this comment section gonna be 🤌 #raphinha #memes #football #adidas ,"raphinha,memes,football,adidas",6821492077018350597,adidas,5396542,563688,2632,32439,48989,user,adidas,2026-04-04 00:30:04,1775233804,,10748200,verified account,23,7568908202415933441,True,adidas
7616028725427162390,1773244877,that face don’t lie #samuelljackson #mood #sayless #adidasoriginals ,"samuelljackson,mood,sayless,adidasoriginals",6821492077018350597,adidas,52996,2323,53,26,102,user,adidas,2026-04-04 00:30:04,1775233804,,10748200,verified account,6,6817665487665629186,True,adidas
7615669162370714902,1773161157,infinity aura points 😮‍💨#derrickrose #drose #legendofthegame #basketball #adidas ,"derrickrose,drose,legendofthegame,basketball,adidas",6821492077018350597,adidas,86069,4230,66,59,237,user,adidas,2026-04-04 00:30:04,1775233804,,10748200,verified account,6,7532547317401569296,True,adidas
7615283923483905302,1773071462,Chicken legs ftw  🙅‍♂️ #nicohulkenberg #gabrielbortoleto #audirevolutf1 #formula1 #adidas ,"nicohulkenberg,gabrielbortoleto,audirevolutf1,formula1,adidas",6821492077018350597,adidas,63956,4293,42,159,365,user,adidas,2026-04-04 00:30:04,1775233804,,10748200,verified account,15,6850125286504138753,True,adidas
7614114056672169238,1772799083,the edit they deserved 😮‍💨 #caredit #newboots #predator #football #adidas,"caredit,newboots,predator,football,adidas",6821492077018350597,adidas,74964,3357,116,107,194,user,adidas,2026-04-04 00:30:04,1775233804,,10748200,verified account,9,7492085916510160912,True,adidas
7613769500172799254,1772718859,main character energy only #babymonster #dance #zne #training #adidas @BABYMONSTER ,"babymonster,dance,zne,training,adidas",6821492077018350597,adidas,563216,95115,848,4817,9034,user,adidas,2026-04-04 00:30:04,1775233804,,10748200,verified account,13,7284229778617010177,True,adidas
7613328764642020630,1772616244,from Lamine with love 🌹#f50 #football #adidas @Lamine Yamal ,"f50,football,adidas",6821492077018350597,adidas,15392773,1258169,5664,48026,70971,user,adidas,2026-04-04 00:30:08,1775233808,,10748203,verified account,7,7551063374679984144,True,adidas
7612351729140518166,1772388758,DREAM BIG ✨ @Aliyah Boston #WNBA #sneakers #hoops #adidas ,"wnba,sneakers,hoops,adidas",6821492077018350597,adidas,133626,3944,131,121,197,user,adidas,2026-04-04 00:30:08,1775233808,,10748203,verified account,24,7358898427880982545,True,adidas
7611290486812232982,1772141668,not slowing down anytime soon #doubleup #anthonyedwards #NBA #basketball #adidas ,"doubleup,anthonyedwards,nba,basketball,adidas",6821492077018350597,adidas,466620,42924,201,755,1829,user,adidas,2026-04-04 00:30:08,1775233808,,10748203,verified account,9,6732536571318257666,True,adidas
7610498083465563414,1771957172,KMB back in the studio 🔥 #moisekean #f50 #football #adidas ,"moisekean,f50,football,adidas",6821492077018350597,adidas,105648,3404,83,54,165,user,adidas,2026-04-04 00:30:08,1775233808,,10748203,verified account,7,7141100092970240001,True,adidas
7610210535589694742,1771890232,Same time next year? @Ray🤞 #ray #basketball #allstar #adidas ,"ray,basketball,allstar,adidas",6821492077018350597,adidas,419490,49191,277,739,1963,user,adidas,2026-04-04 00:30:08,1775233808,,10748203,verified account,28,7610210573271239446,True,adidas
7609788399074938134,1771791935,no notes 🤝 #simonerocha #balletflats #londonfashionweek #balletcore #adidas ,"simonerocha,balletflats,londonfashionweek,balletcore,adidas",6821492077018350597,adidas,121170,1318,63,114,119,user,adidas,2026-04-04 00:30:08,1775233808,,10748203,verified account,9,7241408775637846018,True,adidas
7609719973681843478,1771776004,will this reclaim my attention span #winterolympics #milanocortina2026 #wintersports #adidas ,"winterolympics,milanocortina2026,wintersports,adidas",6821492077018350597,adidas,84804,966,46,15,52,user,adidas,2026-04-04 00:30:08,1775233808,,10748203,verified account,20,6817352705275611137,True,adidas
7609351012100361494,1771690099,best of both worlds 🤝 @Labrum London #Running #runtok #adiospro4 #londonfashionweek #adidas      ,"running,runtok,adiospro4,londonfashionweek,adidas",6821492077018350597,adidas,79599,1766,72,20,78,user,adidas,2026-04-04 00:30:08,1775233808,,10748203,verified account,8,7244851220488243970,True,adidas
7609317708269653270,1771682344,guess it was nice 😁 @Tota Mc @Kirsty | Freestyle Skier 🇬🇧 #winterolympics #milanocortina2026 #tota #adidas  ,"winterolympics,milanocortina2026,tota,adidas",6821492077018350597,adidas,124029,8980,119,151,405,user,adidas,2026-04-04 00:30:08,1775233808,,10748203,verified account,19,7609317706345499414,True,adidas
7609011164705492246,1771610972,Silver has always washed me out anyways  #winterolympics #milanocortina2026 #michaelashiffrin #wintersports  #adidas ,"winterolympics,milanocortina2026,michaelashiffrin,wintersports,adidas",6821492077018350597,adidas,78894,1814,71,20,90,user,adidas,2026-04-04 00:30:08,1775233808,,10748203,verified account,7,7586832819629901825,True,adidas
7608931482303794455,1771592421,wake up Juventus just launched #juventus #newkit #football #adidas ,"juventus,newkit,football,adidas",6821492077018350597,adidas,1136656,88419,715,6026,4122,user,adidas,2026-04-04 00:30:12,1775233812,,10748203,verified account,14,7608931493722442518,True,adidas
7608633318472551702,1771522999,learning from the besh @Kirsty | Freestyle Skier 🇬🇧 @Tota Mc #winterolympics #milanocortina2026 #adidas #tota #whothebest ,"winterolympics,milanocortina2026,adidas,tota,whothebest",6821492077018350597,adidas,318219,32430,239,242,861,user,adidas,2026-04-04 00:30:12,1775233812,,10748203,verified account,10,7405897921629767681,True,adidas
7608235244029824278,1771430315,rodrygol 😎🔥 #rodrygo #f50 #Realmadrid #football #adidas ,"rodrygo,f50,realmadrid,football,adidas",6821492077018350597,adidas,420671,83351,444,905,3317,user,adidas,2026-04-04 00:30:12,1775233812,,10748203,verified account,0,7507772951459432464,True,adidas
7607976847321632031,1771370161,Insane Outfits @adidas Showdown 🔥🔥 #fyp #christoosmoove #createdwithadidas ,"fyp,christoosmoove,createdwithadidas",6783174728308999173,christoosmoove,80075,3048,53,23,133,user,adidas,2026-04-04 00:30:12,1775233812,YT:Christoosmoove  Twitch:Christoosmoove1 Email:Christoosmoovemngt@gmail.com,1324888,,46,7607976850299882270,True,adidas
7607882206807133462,1771348117,ANT got flavors #anthonyedwards #ae2 #nbaallstar #basketball #adidas ,"anthonyedwards,ae2,nbaallstar,basketball,adidas",6821492077018350597,adidas,573907,75113,531,4194,5003,user,adidas,2026-04-04 00:30:12,1775233812,,10748203,verified account,22,7607882228576275222,True,adidas
7607572032313969942,1771275897,chat did I make it #winterolympics2026 #milanocortina2026 #teamD  #wintersports #adidas ,"winterolympics2026,milanocortina2026,teamd,wintersports,adidas",6821492077018350597,adidas,59947,1085,39,7,57,user,adidas,2026-04-04 00:30:12,1775233812,,10748203,verified account,6,7577010514355914769,True,adidas
7607538124410932502,1771268002,Allstar Weekend MVP. People’s champ. Believe That. #anthonyedwards #NBAAllstar #ae2 #basketball #adidas ,"anthonyedwards,nbaallstar,ae2,basketball,adidas",6821492077018350597,adidas,98372,5595,69,77,216,user,adidas,2026-04-04 00:30:12,1775233812,,10748203,verified account,0,7174175863313795073,True,adidas
7607494970957679894,1771257956,where do I report this … 😤?? #psa #notchill #jellyfish #PharrellWilliams #adidasoriginals ,"psa,notchill,jellyfish,pharrellwilliams,adidasoriginals",6821492077018350597,adidas,52795,1568,35,13,62,user,adidas,2026-04-04 00:30:12,1775233812,,10748203,verified account,14,6759022889657190401,True,adidas
7606752394948447510,1771085061,some corny valentines inspo for yall 💕 #ValentinesDay #valentinescards #basketball #adidas @S O P H I E @Eweezy_3 @Spida @Cam Wilder ,"valentinesday,valentinescards,basketball,adidas",6821492077018350597,adidas,53268,1590,40,18,60,user,adidas,2026-04-04 00:30:12,1775233812,,10748203,verified account,32,7472778192572942353,True,adidas
7606395507711298838,1771001966,Allstar weekend flavors🫡 #asw #allstarweekend #basketball #adidas,"asw,allstarweekend,basketball,adidas",6821492077018350597,adidas,792157,17067,111,86,1030,user,adidas,2026-04-04 00:30:12,1775233812,,10748204,verified account,40,7606395520608668438,True,adidas
7606070650360352022,1770926328,Best colorway yet? 👀 #anthonyedwards #ae2 #sneaker #NBA #adidas,"anthonyedwards,ae2,sneaker,nba,adidas",6821492077018350597,adidas,552122,41408,277,1456,2249,user,adidas,2026-04-04 00:30:16,1775233816,,10748366,verified account,18,7606070648301669142,True,adidas
7605674319573683478,1770834051,from the Olympic pin queen herself 😮‍💨 #pintrading #winterolympics #milanocortina2026 #adidas #teamgb ,"pintrading,winterolympics,milanocortina2026,adidas,teamgb",6821492077018350597,adidas,74928,3005,52,34,121,user,adidas,2026-04-04 00:30:16,1775233816,,10748366,verified account,15,6732536571318257666,True,adidas
7605251040778210582,1770735503,type of rivalry I’m here for  #predator #f50 #football #adidas,"predator,f50,football,adidas",6821492077018350597,adidas,74464,3773,47,65,240,user,adidas,2026-04-04 00:30:16,1775233816,,10748366,verified account,28,7605251063205137174,True,adidas
7603468262973771030,1770320414,Indy gonna love Big Zu 🤞 #ivicazubac #pacers #NBA #hoops #indianapacers ,"ivicazubac,pacers,nba,hoops,indianapacers",6821492077018350597,adidas,126947,11514,130,180,367,user,adidas,2026-04-04 00:30:16,1775233816,,10748366,verified account,7,7384305845930149889,True,adidas
7603440545603734806,1770313960,well thanks @angryginge13 #predator #football #adidas ,"predator,football,adidas",6821492077018350597,adidas,113635,7049,69,68,320,user,adidas,2026-04-04 00:30:16,1775233816,,10748366,verified account,6,7507772951459432464,True,adidas
7603407526851366166,1770306273,iykyk skiing >>> watch the new @mikaelashiffrin docu now on YouTube #skiing #WinterOlympics #adidas,"skiing,WinterOlympics,adidas",6821492077018350597,adidas,48392,1972,40,42,89,user,adidas,2026-04-04 00:30:16,1775233816,,10748366,verified account,27,7145623012119676930,True,adidas
7603037475442871574,1770220114,Jude angels >> #judebellingham #predator #football #adidas ,"judebellingham,predator,football,adidas",6821492077018350597,adidas,355076,38146,236,1437,2733,user,adidas,2026-04-04 00:30:16,1775233816,,10748366,verified account,11,7348639699273484290,True,adidas
7602674597762223382,1770135625,dinner’s served 🧑‍🍳 #pastamaking #adizero #Running #adidas,"pastamaking,adizero,running,adidas",6821492077018350597,adidas,100874,5179,58,118,213,user,adidas,2026-04-04 00:30:16,1775233816,,10748366,verified account,19,6916868226831894529,True,adidas
7602569935398767894,1770111264,yours truly rocking an absolute beauty #judebellingham #predator #football #adidas,"judebellingham,predator,football,adidas",6821492077018350597,adidas,429843,52274,393,1328,3137,user,adidas,2026-04-04 00:30:16,1775233816,,10748366,verified account,9,7397739530105210881,True,adidas
7602300891504315670,1770048614,why tho??? #dogsout #tybebenergy #stansmith #adidasoriginals ,"dogsout,tybebenergy,stansmith,adidasoriginals",6821492077018350597,adidas,56094,2216,43,26,51,user,adidas,2026-04-04 00:30:19,1775233819,,10748366,verified account,6,6817208513685620738,True,adidas
7601492583390383382,1769860417,Feet channel live on Twitch - 05/02 @angryginge13 #predator #football #adidas,"predator,football,adidas",6821492077018350597,adidas,79368,3303,50,38,165,user,adidas,2026-04-04 00:30:19,1775233819,,10748366,verified account,7,7601492588847401751,True,adidas
7601155060768263446,1769781830,Just here for Raphinha memes 🤷‍♂️ #pedri #cubarsi #raphinha #predator #adidas,"pedri,cubarsi,raphinha,predator,adidas",6821492077018350597,adidas,987097,81366,289,1403,5448,user,adidas,2026-04-04 00:30:19,1775233819,,10748366,verified account,30,7431700706627930128,True,adidas
7599681154643528982,1769438662,was hard work finding a power outlet here… #pfw #y3 #adidas #grwm ,"pfw,y3,adidas,grwm",6821492077018350597,adidas,154678,4163,78,33,158,user,adidas,2026-04-04 00:30:19,1775233819,,10748366,verified account,10,7394843929237276689,True,adidas
7599379002779782422,1769368309,we ain‘t playing #foodnowpls #y3 #pfw #adidas,"foodnowpls,y3,pfw,adidas",6821492077018350597,adidas,64388,2254,35,64,75,user,adidas,2026-04-04 00:30:19,1775233819,,10748366,verified account,6,6742054988236800007,True,adidas
7599063903275912470,1769294944,DRose had too many legendary games to even count 😂 #derrickrose #drose #sneakers #adidas #basketball ,"derrickrose,drose,sneakers,adidas,basketball",6821492077018350597,adidas,60299,1891,26,26,107,user,adidas,2026-04-04 00:30:19,1775233819,,10748366,verified account,59,7462059768598448129,True,adidas
7598980751488634115,1769275585,,,6821492077018350597,adidas,1665688,99188,762,36139,4802,user,adidas,2026-04-04 00:30:19,1775233819,,10748366,verified account,10,6964490188139530241,True,adidas
7598944984229891350,1769267257,no notes 🤌 #iknowball #pfw #marcelo #willychavarria #adidas,"iknowball,pfw,marcelo,willychavarria,adidas",6821492077018350597,adidas,89400,4041,81,47,227,user,adidas,2026-04-04 00:30:19,1775233819,,10748366,verified account,8,7356836665607276561,True,adidas
7598680216105520406,1769205613,So many classics 🥲 #derrickrose #drose #sneakers #adidas #basketball ,"derrickrose,drose,sneakers,adidas,basketball",6821492077018350597,adidas,782571,41951,298,678,2659,user,adidas,2026-04-04 00:30:19,1775233819,,10748366,verified account,19,7360047366533139217,True,adidas
7598542911998921986,1769173645,someone didnt understand the assignment 🤷‍♂️ #F50 #Predator #football #adidas,"f50,predator,football,adidas",6821492077018350597,adidas,401319,44216,256,823,2002,user,adidas,2026-04-04 00:30:19,1775233819,,10748366,verified account,21,7598542902259665686,True,adidas
7598201825917046018,1769094228,wait til the end 💀#tennis #australianopen #adidas,"tennis,australianopen,adidas",6821492077018350597,adidas,56060,1969,34,10,58,user,adidas,2026-04-04 00:30:23,1775233823,,10748367,verified account,19,7381496631290202128,True,adidas
7597844100032810262,1769010937,fire outfit if you ask me #formula1 #f1 #gabrielbortoleto #audi #adidas ,"formula1,f1,gabrielbortoleto,audi,adidas",6821492077018350597,adidas,167315,15393,108,1622,1096,user,adidas,2026-04-04 00:30:23,1775233823,,10748367,verified account,17,7407101053446408193,True,adidas
7597467716810771734,1768923306,impeccable shooting form @Ray @YNLGEO #basketball #vol10 #adidas,"basketball,vol10,adidas",6821492077018350597,adidas,67465,3999,58,58,185,user,adidas,2026-04-04 00:30:23,1775233823,,10748367,verified account,36,7392672035477293072,True,adidas
7597106948496002326,1768839306,Bro tells no lies 💯 #ivicazubac #jamesharden #UNO #vol10 #adidas ,"ivicazubac,jamesharden,uno,vol10,adidas",6821492077018350597,adidas,331878,23629,180,1603,1162,user,adidas,2026-04-04 00:30:23,1775233823,,10748367,verified account,17,7597106948647684886,True,adidas
7596424211795627286,1768680344,Bury me in Vol 10s 😩 @James Harden #jamesharden #UNO #vol10 #adidas #sneakers ,"jamesharden,uno,vol10,adidas,sneakers",6821492077018350597,adidas,2899300,233164,1301,10320,12796,user,adidas,2026-04-04 00:30:23,1775233823,,10748367,verified account,7,7553200853669382920,True,adidas
7595990270487891202,1768579309,"wake up, another Julián Alvarez TikTok just dropped 💆‍♂️ #unboxing #julianalvarez #F50 #adidas ","unboxing,julianalvarez,f50,adidas",6821492077018350597,adidas,288817,27605,183,312,1715,user,adidas,2026-04-04 00:30:23,1775233823,,10748367,verified account,22,6999844122873825282,True,adidas
7595944336219589910,1768568616,man understood the assignment  #dybala #football #predator #adidas,"dybala,football,predator,adidas",6821492077018350597,adidas,526090,55483,511,509,2163,user,adidas,2026-04-04 00:30:23,1775233823,,10748367,verified account,16,7407101053446408193,True,adidas
7595652853234928918,1768500747,this duo 🥹 #georgerussel #kimiantonelli #formula1 #adidas @Mercedes-AMG F1 ,"georgerussel,kimiantonelli,formula1,adidas",6821492077018350597,adidas,549732,123293,229,5396,9408,user,adidas,2026-04-04 00:30:23,1775233823,,10748367,verified account,13,6804328648057817090,True,adidas
7595278797499354390,1768413656,,,6821492077018350597,adidas,117435,11389,145,601,465,user,adidas,2026-04-04 00:30:23,1775233823,,10748367,verified account,9,7146615921807738881,True,adidas
7595245020643364118,1768405792,could listen to this all day 💆#ASMR #romeodunze #footballcleats #nfl #adidas ,"asmr,romeodunze,footballcleats,nfl,adidas",6821492077018350597,adidas,101730,8329,162,820,636,user,adidas,2026-04-04 00:30:23,1775233823,,10748367,verified account,24,7595245008602532630,True,adidas
7595155056412871958,1768384847,Cooking for ballers who already cook 👨‍🍳. F50 or Predator: choose one #adidasfootball ,adidasfootball,6797419884781634565,juventus,1614932,128114,541,5447,7064,user,adidas,2026-04-04 00:30:29,1775233829,"We are youth. Since 1897. An Italian icon, timeless in spirit. ⚪️⚫️",43807053,institution account,45,7595155061615135510,True,adidas
7594866168855317782,1768317585,"this should be in a museum, not your fyp 😮‍💨 #messi #f50 #football #adidas ","messi,f50,football,adidas",6821492077018350597,adidas,107335,9177,129,198,551,user,adidas,2026-04-04 00:30:29,1775233829,,10748209,verified account,5,7146615921807738881,True,adidas
7594534748278623510,1768240421,too much drip in the three stripes city @Minecraft #Minecraft #threestripescity #adidas ,"minecraft,threestripescity,adidas",6821492077018350597,adidas,139167,10896,172,824,667,user,adidas,2026-04-04 00:30:29,1775233829,,10748209,verified account,18,7075678162700486658,True,adidas
7594501838666272023,1768232758,post ur fav in the comments 👇 #UCL #matchball #football #adidas,"ucl,matchball,football,adidas",6821492077018350597,adidas,130987,10315,93,86,597,user,adidas,2026-04-04 00:30:29,1775233829,,10748209,verified account,29,7348639699273467906,True,adidas
7593729455751695638,1768052923,can‘t blame him 🤷‍♂️ #klopp #Predator #F50 #football #adidas ,"klopp,predator,f50,football,adidas",6821492077018350597,adidas,477169,55569,277,571,2108,user,adidas,2026-04-04 00:30:29,1775233829,,10748209,verified account,5,7593729459347229462,True,adidas
7593392240228158742,1767974413,Anzeige - Ich wünsche euch ein schönes Wochenende 😊,,6821492077018350597,adidas,140338,3924,132,760,159,user,adidas,2026-04-04 00:30:29,1775233829,,10748209,verified account,20,7540301635919923216,True,adidas
7593330535078825238,1767960044,my shaylas 🥹 @Lamine Yamal vs @Pedri González #Predator #F50 #football #adidas ,"Predator,F50,football,adidas",6821492077018350597,adidas,1871184,151209,350,1743,7712,user,adidas,2026-04-04 00:30:29,1775233829,,10748209,verified account,31,7593330550547565315,True,adidas
7592928995423849750,1767866552,which team are you? #Predator #F50 #football #adidas ,"predator,f50,football,adidas",6821492077018350597,adidas,22406622,1162831,5729,17138,65534,user,adidas,2026-04-04 00:30:29,1775233829,,10748209,verified account,29,7592929000093731606,True,adidas
7592279350947433750,1767715294,"here I am, at the start of the year, sharing some thoughts on life and motivation. Just a reminder that you got this #motivation #LearnOnTikTok #newyearnewme #adidas ","motivation,learnontiktok,newyearnewme,adidas",6821492077018350597,adidas,139149,3259,140,283,125,user,adidas,2026-04-04 00:30:29,1775233829,,10748209,verified account,17,7592279349806566166,True,adidas
7591831425196756246,1767611004,A true masterpiece 😮‍💨 #adidasfootball #delpiero #juventus ,"adidasfootball,delpiero,juventus",6797419884781634565,juventus,314056,27929,359,450,1116,user,adidas,2026-04-04 00:30:29,1775233829,"We are youth. Since 1897. An Italian icon, timeless in spirit. ⚪️⚫️",43807053,institution account,15,7591831424211176214,True,adidas
7590794981619649814,1767369688,hold on 😭 #itsgiving #adida- #adidasOriginals ,"itsgiving,adida,adidasoriginals",6821492077018350597,adidas,337043,22195,324,846,2281,user,adidas,2026-04-04 00:30:33,1775233833,,10748209,verified account,55,7590794990448675606,True,adidas
7590052936449920278,1767196917,realistic 2026 goals only 😮‍💨 #newyearnewme #manifesting #adidas #wishlist #2026 ,"newyearnewme,manifesting,adidas,wishlist,2026",6821492077018350597,adidas,77268,1635,62,13,55,user,adidas,2026-04-04 00:30:33,1775233833,,10748209,verified account,8,7373703960836999184,True,adidas
7589310304241077526,1767024010,step 6: levitate 😤 #looksmaxxingtips #GlowUp #rizz #adidasOriginals #adistar ,"looksmaxxingtips,glowup,rizz,adidasoriginals,adistar",6821492077018350597,adidas,85085,2039,68,65,126,user,adidas,2026-04-04 00:30:33,1775233833,,10748209,verified account,0,7504061798816401425,True,adidas
7587455264106794262,1766592097,peak Christmas decoration  #holidayseason #decor #fyp #adidas ,"holidayseason,decor,fyp,adidas",6821492077018350597,adidas,93331,1956,104,47,51,user,adidas,2026-04-04 00:30:33,1775233833,,10748209,verified account,9,7309579683963357186,True,adidas
7587083969989086486,1766505649,what we saying  #letspretend #football #adidas #lockerroom ,"letspretend,football,adidas,lockerroom",6821492077018350597,adidas,102753,4764,192,29,144,user,adidas,2026-04-04 00:30:33,1775233833,,10748209,verified account,0,7348639699273467906,True,adidas
7586713549150358806,1766419403,who let my grandmas camera roll pop off @britt stephanie #OOTD #outfitinspo #granniesoftiktok #adidasoriginals ,"ootd,outfitinspo,granniesoftiktok,adidasoriginals",6821492077018350597,adidas,269331,24616,175,3508,1416,user,adidas,2026-04-04 00:30:33,1775233833,,10748209,verified account,0,7358825785349818369,True,adidas
7585552252824194326,1766149018,both hit ngl #67 #brainrot #superstars #sneakers #adidas ,"67,brainrot,superstars,sneakers,adidas",6821492077018350597,adidas,326659,5348,177,234,243,user,adidas,2026-04-04 00:30:33,1775233833,,10748209,verified account,8,7548480795398375440,True,adidas
7585225677088050454,1766072982,anyway… what’s your fav new animation?  #roblox #robloxanimation #adidas ,"roblox,robloxanimation,adidas",6821492077018350597,adidas,667905,42043,1314,1781,4522,user,adidas,2026-04-04 00:30:33,1775233833,,10748209,verified account,9,7239111762301323265,True,adidas
7585190008504601878,1766064678,Mo knows what a true treasure is. 👑🤝 #trionda #mosalah #fifaworldcup #adidas #f50 ,"trionda,mosalah,fifaworldcup,adidas,f50",7168131042946647046,trionda,478375,43732,358,1111,2576,user,adidas,2026-04-04 00:30:33,1775233833,BEST BALL IN THE WORLD 👇⚽️,219075,verified account,6,7256647871494326273,True,adidas
7584890726786419990,1765994995,world champ drip 🤌 #customization #asmr #orlandomagic #basketball #adidas ,"customization,asmr,orlandomagic,basketball,adidas",6821492077018350597,adidas,104103,3858,59,74,196,user,adidas,2026-04-04 00:30:33,1775233833,,10748209,verified account,26,6817471517962536962,True,adidas
7584856695302556950,1765987071,,,6821492077018350597,adidas,1669516,123799,1034,8082,6913,user,adidas,2026-04-04 00:30:36,1775233836,,10748371,verified account,7,7572310664553056257,True,adidas
7584525942983412995,1765910065,beard so powerful it grew a whole tree #christmastree #iknowball #jamesharden #adidas ,"christmastree,iknowball,jamesharden,adidas",6821492077018350597,adidas,55681,1925,67,53,90,user,adidas,2026-04-04 00:30:36,1775233836,,10748371,verified account,10,6764601206506522626,True,adidas
7584456438010088727,1765893882,champions got an upgrade  #basketball #eurobasket #trikot #FIBA #adidas @Moe & Franz ,"basketball,eurobasket,trikot,FIBA,adidas",6821492077018350597,adidas,82947,6152,95,461,232,user,adidas,2026-04-04 00:30:36,1775233836,,10748371,verified account,18,7507772951459432464,True,adidas
7584115984403893526,1765814612,it’s always that one jersey  #justsayin #holidaydrama #jersey #adidas ,"justsayin,holidaydrama,jersey,adidas",6821492077018350597,adidas,505264,19269,589,482,790,user,adidas,2026-04-04 00:30:36,1775233836,,10748371,verified account,7,7531890796698601473,True,adidas
7584042064581610774,1765797405,handshake kings 🤝 /// fam #welcometothefam #handshake #orlandomagic #basketball #adidas ,"welcometothefam,handshake,orlandomagic,basketball,adidas",6821492077018350597,adidas,70617,3535,43,97,139,user,adidas,2026-04-04 00:30:36,1775233836,,10748371,verified account,5,7485827820565481473,True,adidas
7583441384120536323,1765657542,guy wouldn’t move #FernandoMendoza #hardcount #nfl #gauntent #hoosiers #cfb #fyp #adidas ,"fernandomendoza,hardcount,nfl,gauntent,hoosiers,cfb,fyp,adidas",6821492077018350597,adidas,2703462,231368,674,4758,6002,user,adidas,2026-04-04 00:30:36,1775233836,,10748371,verified account,10,7583441375150230294,True,adidas
7583003183748762902,1765555519,seasonal flex #fashion #OOTD #arte #adidas ,"fashion,ootd,arte,adidas",6821492077018350597,adidas,49120,855,24,28,46,user,adidas,2026-04-04 00:30:36,1775233836,,10748371,verified account,12,7314479416998332418,True,adidas
7582954626572356886,1765544215,how do you explain this to a non-runner 🥸 #Running #raceday #runningshoes #adidas,"running,raceday,runningshoes,adidas",6821492077018350597,adidas,184312,10199,92,177,458,user,adidas,2026-04-04 00:30:36,1775233836,,10748371,verified account,0,7467866402704394257,True,adidas
7582588845653265686,1765459047,,,6821492077018350597,adidas,520330,40453,654,5011,3073,user,adidas,2026-04-04 00:30:36,1775233836,,10748371,verified account,25,7543650575181285392,True,adidas
7582260119950462230,1765382509,big guy pants? OK. 👖👌 #PatrickSuperstar #dance #bigguypants #adidasOriginals #TheSpongeBobMovie ,"patricksuperstar,dance,bigguypants,adidasoriginals,thespongebobmovie",6821492077018350597,adidas,380425,46154,361,13028,2106,user,adidas,2026-04-04 00:30:36,1775233836,,10748371,verified account,21,7240605202779474734,True,adidas
7582158051239791874,1765358750,didn’t see the third one coming 🕷️🤘🤪 #F50 #julianalvarez #football #footballboots #adidas ,"f50,julianalvarez,football,footballboots,adidas",6821492077018350597,adidas,961187,69500,109,830,2079,user,adidas,2026-04-04 00:30:40,1775233840,,10748212,verified account,36,7582158060773313302,True,adidas
7581887509597097238,1765295757,brain massage fr #asmr #Hiking #winter #adidas ,"asmr,hiking,winter,adidas",6821492077018350597,adidas,76390,2855,45,38,119,user,adidas,2026-04-04 00:30:40,1775233840,,10748212,verified account,12,7581887499195255574,True,adidas
7580943349415283990,1765075945,Officially one of the biggest buckets OAT 🫡 @James Harden #jamesharden #UNO #NBA #adidas #basketbal ,"jamesharden,uno,nba,adidas,basketbal",6821492077018350597,adidas,53852,1451,47,21,81,user,adidas,2026-04-04 00:30:40,1775233840,,10748212,verified account,25,7333503618261207042,True,adidas
7580825072735194390,1765048384,Water flavored pizza is ode 🥴 @Anthony Edwards #anthonyedwards #ae2 #NBA #adidas #basketball ,"anthonyedwards,ae2,nba,adidas,basketball",6821492077018350597,adidas,120144,6529,74,91,407,user,adidas,2026-04-04 00:30:40,1775233840,,10748212,verified account,33,7580825097491188502,True,adidas
7580034053320052023,1764864222,"Dropping Minecraft wisdom….   Explore Three Stripes City, the adidas-inspired dynamic world! Experience: 30+ brand new biomes, 40 animal species, armor inspired by real adidas gear and more.   Play now at the link in our bio.@adidas ",,7202427239023526954,minecraft,796177,38494,853,2539,4087,user,adidas,2026-04-04 00:30:40,1775233840,ESRB RATING: EVERYONE 10+ with Fantasy Violence,13042812,verified account,10,7299618713351227393,True,adidas
7579346790160354582,1764704195,Assignment understood 😎  @Selección española #rfef #nationsleague #football #WomensFootball #adidas ,"rfef,nationsleague,football,womensfootball,adidas",6821492077018350597,adidas,94660,4514,81,56,266,user,adidas,2026-04-04 00:30:40,1775233840,,10748212,verified account,5,7579346780236794627,True,adidas
7579279733741899030,1764688584,but both feel right??? #dailydilemma #harddecision #adidasoriginals #adidas ,"dailydilemma,harddecision,adidasoriginals,adidas",6821492077018350597,adidas,54542,1865,39,31,76,user,adidas,2026-04-04 00:30:40,1775233840,,10748212,verified account,7,7208334239719393281,True,adidas
7578190069475937558,1764434876,don’t know what drip is but I THINK I HAVE IT NOW????? #TheSpongeBobMovie #SearchforSquarePants #PatrickSuperstar #unboxing #adidasOriginals ,"thespongebobmovie,searchforsquarepants,patricksuperstar,unboxing,adidasoriginals",6821492077018350597,adidas,5788930,282821,1026,31095,14867,user,adidas,2026-04-04 00:30:40,1775233840,,10748212,verified account,16,7483965212682848273,True,adidas
7577859084641242390,1764357812,„damn that‘s crazy“  #tellmemore #basketball #adidas @J-DUB ,"tellmemore,basketball,adidas",6821492077018350597,adidas,60326,2171,35,6,85,user,adidas,2026-04-04 00:30:40,1775233840,,10748212,verified account,8,7436294947936438288,True,adidas
7577775876931177731,1764338439,match made in heaven 🤌 @Selección española #rfef #nationsleague #football #WomensFootball #adidas ,"rfef,nationsleague,football,womensfootball,adidas",6821492077018350597,adidas,134579,5651,71,53,334,user,adidas,2026-04-04 00:30:44,1775233844,,10748370,verified account,5,7577775887274871574,True,adidas
7577437664131943702,1764259694,oasis fans we got you #oasisband #wonderwall #adidas,"oasisband,wonderwall,adidas",6821492077018350597,adidas,391130,20153,254,1733,1260,user,adidas,2026-04-04 00:30:44,1775233844,,10748370,verified account,7,7021223874868021250,True,adidas
7577086049248202006,1764177826,you’re welcome #interestingfacts #mindblown #shoes #adidas ,"interestingfacts,mindblown,shoes,adidas",6821492077018350597,adidas,142718,11443,265,399,400,user,adidas,2026-04-04 00:30:44,1775233844,,10748370,verified account,0,7167240600641603585,True,adidas
7576804639757356291,1764112311,We got James Harden at home 😵‍💫 @James Harden #jamesharden #uno #adidas #NBA ,"jamesharden,uno,adidas,nba",6821492077018350597,adidas,1159458,67637,1067,2193,4083,user,adidas,2026-04-04 00:30:44,1775233844,,10748370,verified account,10,7348639699273467906,True,adidas
7576280881267019030,1763990359,little aquatic surprise for admin 🪼 #Pharrell #PharrellWilliams #adistar #Unboxing #Jellyfish #adidas ,"pharrell,pharrellwilliams,adistar,unboxing,jellyfish,adidas",6821492077018350597,adidas,119133,7144,96,256,388,user,adidas,2026-04-04 00:30:44,1775233844,,10748370,verified account,20,7576280851424774935,True,adidas
7575503558007622934,1763809375,glad we discovered Kimi’s favorite trick 😂 @Mercedes-AMG F1 #F1 #racing #magictrick #magician #moneytips #adidas ,"f1,racing,magictrick,magician,moneytips,adidas",6821492077018350597,adidas,352378,52039,178,1520,3729,user,adidas,2026-04-04 00:30:44,1775233844,,10748370,verified account,39,7575503556438919958,True,adidas
7575226629719411990,1763744896,"it’s tomorrow, it’s tomorrow  🥹🤩  #pogba #matchday #football  #adidas ","pogba,matchday,football,adidas",6821492077018350597,adidas,1495876,216388,688,6219,9088,user,adidas,2026-04-04 00:30:44,1775233844,,10748370,verified account,12,7423831491791325958,True,adidas
7575208847409745174,1763740757,#FridaKarlsson #Moonboot #skiing #adidas,"fridakarlsson,moonboot,skiing,adidas",6821492077018350597,adidas,171513,4417,41,364,247,user,adidas,2026-04-04 00:30:44,1775233844,,10748370,verified account,17,7575208846155123478,True,adidas
7575134234357026070,1763723386,catches win matches #cricket #theashes #BenStokes #adidas ,"cricket,theashes,benstokes,adidas",6821492077018350597,adidas,55873,2036,39,25,66,user,adidas,2026-04-04 00:30:44,1775233844,,10748370,verified account,11,7453553740642027521,True,adidas
7574883318873804054,1763664962,Outerwear ASMR hits different  #asmr #Moonboot #winterfashion #adidas ,"asmr,moonboot,winterfashion,adidas",6821492077018350597,adidas,85030,3773,57,73,171,user,adidas,2026-04-04 00:30:44,1775233844,,10748370,verified account,18,7574883313983933206,True,adidas
7574837565287648534,1763654310,Still love them tho #sports #cissé #Moonboot #adidas ,"sports,cissé,moonboot,adidas",6821492077018350597,adidas,44204,1489,27,24,59,user,adidas,2026-04-04 00:30:48,1775233848,,10748211,verified account,14,7021219396601251842,True,adidas
7574467488591793430,1763568146,Brand new kicks don’t want to be side actors #OOTD #sneakers #superstars #adidas ,"ootd,sneakers,superstars,adidas",6821492077018350597,adidas,52093,1647,49,21,57,user,adidas,2026-04-04 00:30:48,1775233848,,10748211,verified account,11,7407101053446391809,True,adidas
7574364288077352214,1763544119,fire jersey 🔥 fresh served 😮‍💨 @Selección española  #wc2026 #fifaworldcup #spain #adidas,"wc2026,fifaworldcup,spain,adidas",6821492077018350597,adidas,228905,14870,258,228,965,user,adidas,2026-04-04 00:30:48,1775233848,,10748211,verified account,11,7574364275590843158,True,adidas
7574142532762864918,1763492485,go on… tag them 👀 #thisinitial #initial #j#jlate #adidas ,"thisinitial,initial,j,jlate,adidas",6821492077018350597,adidas,72515,2553,99,170,128,user,adidas,2026-04-04 00:30:48,1775233848,,10748211,verified account,7,7214293524391397377,True,adidas
7574096955190562070,1763481875,grip it and rip it  #bikers #freeride #gripstrengthchallenge #adidas ,"bikers,freeride,gripstrengthchallenge,adidas",6821492077018350597,adidas,36834,1294,42,12,31,user,adidas,2026-04-04 00:30:48,1775233848,,10748211,verified account,19,7574096954045664002,True,adidas
7573759296551275798,1763403256,Lemme get a sausaeggnchee 🤌 @Anthony Edwards #anthonyedwards #ae2 #adidas #NBA  ,"anthonyedwards,ae2,adidas,nba",6821492077018350597,adidas,217977,16326,138,502,1040,user,adidas,2026-04-04 00:30:48,1775233848,,10748211,verified account,22,7358898427880982545,True,adidas
7571908182398733590,1762972260,#adistar ,adistar,6821492077018350597,adidas,173494,3382,94,51,126,user,adidas,2026-04-04 00:30:48,1775233848,,10748211,verified account,7,7405897921629767681,True,adidas
7571782913323257110,1762943096,Publi. Truquitos ✨ @adidas #YouGotThis @trionda ,yougotthis,7054891916991661061,pedri,8071783,796676,6814,14717,42532,user,adidas,2026-04-04 00:30:48,1775233848,@fcbarcelona player,7541511,Verified account,15,7571782918285069079,True,adidas
7571548381500280086,1762888487,"Major fits, whatever your major 🧪🏀📚🎹🧮 #OOTD #winterfashion #adidasoriginals #adidas ","ootd,winterfashion,adidasoriginals,adidas",6821492077018350597,adidas,44872,777,36,18,44,user,adidas,2026-04-04 00:30:48,1775233848,,10748211,verified account,18,7571548377487526678,True,adidas
7570286728997752086,1762594736,meet the bro: VIAF. ​ (Very Important American Football 🏈)​ ​ #trionda #fifaworldcup #flowirtz #homekits #americanfootball,"trionda,fifaworldcup,flowirtz,homekits,americanfootball",7168131042946647046,trionda,600989,45551,509,764,2512,user,adidas,2026-04-04 00:30:48,1775233848,BEST BALL IN THE WORLD 👇⚽️,219075,verified account,19,7414205605932533777,True,adidas
7569954940387642627,1762517490,if full circle moment was a video 🥺 @Lamine Yamal #football #adidas ,"football,adidas",6821492077018350597,adidas,8961713,928131,2262,42437,66838,user,adidas,2026-04-04 00:30:53,1775233853,,10748212,verified account,29,7257339264492472322,True,adidas
7569597417192967427,1762434244,nothing beats cowboy Lamine 🤠 #kitlaunch #fifaworldcup #worldcup2026 #adidas,"kitlaunch,fifaworldcup,worldcup2026,adidas",6821492077018350597,adidas,1787746,212140,1272,10878,13020,user,adidas,2026-04-04 00:30:53,1775233853,,10748212,verified account,9,7377856854704343076,True,adidas
7569303782002150678,1762365877,Argentina jersey never misses 😮‍💨 #kitlaunch #fifaworldcup #worldcup2026 #adidas ,"kitlaunch,fifaworldcup,worldcup2026,adidas",6821492077018350597,adidas,1016652,101999,360,2676,3042,user,adidas,2026-04-04 00:30:53,1775233853,,10748212,verified account,20,7569303779716795158,True,adidas
7569287918297091350,1762362183,Dinner’s served 🫡 #kitlaunch #fifaworldcup #worldcup2026 #adidas ,"kitlaunch,fifaworldcup,worldcup2026,adidas",6821492077018350597,adidas,698688,76756,331,1649,2299,user,adidas,2026-04-04 00:30:53,1775233853,,10748212,verified account,16,7569287921182739222,True,adidas
7569271463149096214,1762358351,was worth the 10 sec wait 🤌 Available 11/6. #ballcontrol #kitlaunch #fifaworldcup #worldcup2026 #adidas,"ballcontrol,kitlaunch,fifaworldcup,worldcup2026,adidas",6821492077018350597,adidas,1065165,97430,352,2641,3268,user,adidas,2026-04-04 00:30:53,1775233853,,10748212,verified account,22,6960868541547808770,True,adidas
7569256268070669590,1762354813,da besh kits 🤌 #fifaworldcup #worldcup2026 #kitlaunch #adidas,"fifaworldcup,worldcup2026,kitlaunch,adidas",6821492077018350597,adidas,556301,60926,778,3066,2786,user,adidas,2026-04-04 00:30:53,1775233853,,10748212,verified account,0,7146615921807738881,True,adidas
7568932967318375702,1762279540,New discipline unlocked ✅ #teamgb #paralympicsgb #olympics #MilanoCortina2026 #adidas,"teamgb,paralympicsgb,olympics,milanocortina2026,adidas",6821492077018350597,adidas,92097,1975,55,5,74,user,adidas,2026-04-04 00:30:53,1775233853,,10748212,verified account,20,7568932969793604374,True,adidas
7568895057156246806,1762270714,golden girl 🫶 V.I.B. #perfectmatch #football #trionda #adidas ,"perfectmatch,football,trionda,adidas",6821492077018350597,adidas,241863,17264,149,140,840,user,adidas,2026-04-04 00:30:53,1775233853,,10748212,verified account,7,7541525717026442040,True,adidas
7568523492770057494,1762184202,didn’t see that coming 🥸  #cubarsi #thefootballgal #predator #football #adidas ,"cubarsi,thefootballgal,predator,football,adidas",6821492077018350597,adidas,346972,47412,183,2165,3380,user,adidas,2026-04-04 00:30:53,1775233853,,10748212,verified account,8,7568523474597415702,True,adidas
7567403324559969558,1761923391,some boo-ts 👻 @UFL  #raphinha #Halloween #football #adidas ,"raphinha,halloween,football,adidas",6821492077018350597,adidas,266464,24998,195,1492,1479,user,adidas,2026-04-04 00:30:53,1775233853,,10748212,verified account,0,7291363788900861953,True,adidas
7567361181770501379,1761913579,the theme is pumpkin #halloween #halloween2025 #spookyseason #sneakers #adidas ,"halloween,halloween2025,spookyseason,sneakers,adidas",6821492077018350597,adidas,94862,3697,53,102,168,user,adidas,2026-04-04 00:30:57,1775233857,,10748212,verified account,14,7157023811413248001,True,adidas
7567060733112896790,1761843623,immediate regret 💀#TAEKWONDO #CAROLINEHÚ #adidasOriginals #adidas ,"taekwondo,carolinehú,adidasoriginals,adidas",6821492077018350597,adidas,84049,2080,45,11,66,user,adidas,2026-04-04 00:30:57,1775233857,,10748212,verified account,5,7567060718894287638,True,adidas
7566319768341368086,1761671106,I said what I said 🤷‍♂️👟 #runningistherapy #Running #ilied #evosl #adidas,"runningistherapy,running,ilied,evosl,adidas",6821492077018350597,adidas,84481,1923,69,37,87,user,adidas,2026-04-04 00:30:57,1775233857,,10748212,verified account,11,7546238952196212752,True,adidas
7564479769564155158,1761242696,Welcome to the family @Ray 🤞 #ray #adidas #goddid #basketball ,"ray,adidas,goddid,basketball",6821492077018350597,adidas,2965588,430696,1234,8947,17488,user,adidas,2026-04-04 00:30:57,1775233857,,10748212,verified account,39,7564479782113561366,True,adidas
7564326073916296470,1761206918,it‘s ok to be late if you wear this fit 🤌 #arsenal #football #adidas,"arsenal,football,adidas",6821492077018350597,adidas,1123194,155437,670,4497,5403,user,adidas,2026-04-04 00:30:57,1775233857,,10748212,verified account,9,7206916889707022338,True,adidas
7564054764489542934,1761143743,even Jude 5 is confused 😭 #judebellingham #predator #multiverse #realmadridfc #adidas ,"judebellingham,predator,multiverse,realmadridfc,adidas",6821492077018350597,adidas,745408,53423,367,1299,3304,user,adidas,2026-04-04 00:30:57,1775233857,,10748212,verified account,6,6997838557607888898,True,adidas
7563820354527939862,1761089176,Only right @J-DUB matched the trophy 🏆 #adidas #NBA #sneakers #okc #jdub ,"adidas,nba,sneakers,okc,jdub",6821492077018350597,adidas,476147,53593,253,7239,4226,user,adidas,2026-04-04 00:30:57,1775233857,,10748212,verified account,14,7563820340133088022,True,adidas
7563693596042431766,1761059653,it’s ok Jude 5 🫂 #judebellingham #predator  #realmadridfc #adidas ,"judebellingham,predator,realmadridfc,adidas",6821492077018350597,adidas,3598677,418038,1324,4481,21366,user,adidas,2026-04-04 00:30:57,1775233857,,10748212,verified account,12,7170212466167646210,True,adidas
7563319718799527190,1760972603,welcome to the Bellingham-Verse 🤯😳 #judebellingham #realmadridfc #football #adidas ,"judebellingham,realmadridfc,football,adidas",6821492077018350597,adidas,1062391,89338,1762,4339,5783,user,adidas,2026-04-04 00:30:57,1775233857,,10748212,verified account,10,7154343944598325250,True,adidas
7562516660695862550,1760785625,We all know that’s true. @adidas | #thirdkit #juventus #trend #genz #sportstiktok ,"thirdkit,juventus,trend,genz,sportstiktok",6797419884781634565,juventus,228200,9947,141,96,403,user,adidas,2026-04-04 00:30:57,1775233857,"We are youth. Since 1897. An Italian icon, timeless in spirit. ⚪️⚫️",43807062,institution account,41,7240605202779474734,True,adidas
7561735990063156483,1760603866,hang it in the Louvre 😮‍💨🥸 #judebellingham #predator #heyjude #football #adidas ,"judebellingham,predator,heyjude,football,adidas",6821492077018350597,adidas,256957,24136,257,579,1688,user,adidas,2026-04-04 00:31:00,1775233860,,10748213,verified account,31,6732536571318257666,True,adidas
7561463779062484246,1760540482,I wear this cap and suddenly I feel 🤌,,6821492077018350597,adidas,337129,40047,362,1667,1733,user,adidas,2026-04-04 00:31:00,1775233860,,10748213,verified account,31,7561463769637980950,True,adidas
7561088496878898454,1760453107,"trackpant chair is not real, it can’t hurt you… 😱#interiordesign #trackpants #adidas","interiordesign,trackpants,adidas",6821492077018350597,adidas,135612,4792,96,85,178,user,adidas,2026-04-04 00:31:00,1775233860,,10748213,verified account,0,7531890796698601473,True,adidas
7560720389303717142,1760367399,what level you on? 😎 #guesstheplayer #F50 #football #adidas ,"guesstheplayer,f50,football,adidas",6821492077018350597,adidas,133875,6021,174,45,204,user,adidas,2026-04-04 00:31:00,1775233860,,10748213,verified account,22,7255158426904299522,True,adidas
7560264451291761942,1760261244,laundry day reminds me I’m consistent #adidas #laundry #chores #cleaninghacks ,"adidas,laundry,chores,cleaninghacks",6821492077018350597,adidas,110377,2898,84,31,113,user,adidas,2026-04-04 00:31:00,1775233860,,10748213,verified account,12,7432590885215422480,True,adidas
7559267959122758934,1760029229,swipe and enjoy 🙂‍↕️⚽️🔁@trionda  #trionda #worldcup #football  #adidas ,"trionda,worldcup,football,adidas",6821492077018350597,adidas,138799,4285,167,52,328,user,adidas,2026-04-04 00:31:00,1775233860,,10748213,verified account,0,7375355776225282064,True,adidas
7559221509093330198,1760018414,Predri… a little magical upgrade 😉🪄@Pedri González  #predator #pedri #football #adidas ,"predator,pedri,football,adidas",6821492077018350597,adidas,3171197,454814,1411,12651,18555,user,adidas,2026-04-04 00:31:00,1775233860,,10748213,verified account,0,7548141072841689105,True,adidas
7558898725905616150,1759943260,I could listen to this all day 🤌 @Anthony Edwards #anthonyedwards #ae2 #sneakers #adidas #NBA ,"anthonyedwards,ae2,sneakers,adidas,nba",6821492077018350597,adidas,259060,17568,152,536,1033,user,adidas,2026-04-04 00:31:00,1775233860,,10748213,verified account,7,7558898714211879703,True,adidas
7558866332977057038,1759935729,POV: Spending the evening with twin aura farming......   Get your very own FREE Minecraft x adidas Adventurers Add-On! @adidas  ,,7202427239023526954,minecraft,3097166,102844,1336,6865,6367,user,adidas,2026-04-04 00:31:00,1775233860,ESRB RATING: EVERYONE 10+ with Fantasy Violence,13042814,verified account,16,7558866312542440247,True,adidas
7558531822632668438,1759857833,too busy blocking out the.. 😎#delpiero #football #adidas @trionda ,"delpiero,football,adidas",6821492077018350597,adidas,121523,4724,66,21,172,user,adidas,2026-04-04 00:31:00,1775233860,,10748213,verified account,7,7407101053446408193,True,adidas
7558497493638499606,1759849840,seriously tho #taekwondos #andbreathe #naturetok #adidas ,"taekwondos,andbreathe,naturetok,adidas",6821492077018350597,adidas,92220,3031,50,14,70,user,adidas,2026-04-04 00:31:04,1775233864,,10748373,verified account,6,7476797961226684417,True,adidas
7558161206427602198,1759771543,"looks so good, had to create a big version 🙂‍↕️ @trionda  #trionda #judebellingham #leomessi #worldcup2026 #adidas ","trionda,judebellingham,leomessi,worldcup2026,adidas",6821492077018350597,adidas,218787,13320,152,238,898,user,adidas,2026-04-04 00:31:04,1775233864,,10748373,verified account,12,7244541413978343426,True,adidas
7557820421131799830,1759692197,I think we all had that reaction 😂 @Anthony Edwards #anthonyedwards #ae2 #sneakers #adidas #NBA ,"anthonyedwards,ae2,sneakers,adidas,nba",6821492077018350597,adidas,651576,41386,309,2492,2710,user,adidas,2026-04-04 00:31:04,1775233864,,10748373,verified account,14,7557820418766818070,True,adidas
7557711821939952918,1759666912,official ball. music video star. what can’t Trionda do? #trionda #adidas #fifaworldcup #hairdone ,"trionda,adidas,fifaworldcup,hairdone",6821492077018350597,adidas,546166,54620,351,5332,2319,user,adidas,2026-04-04 00:31:04,1775233864,,10748373,verified account,13,7557711812544744214,True,adidas
7557377185787497750,1759589001,the most valid hair style in the game #trionda #adidas #hairdone ,"trionda,adidas,hairdone",6821492077018350597,adidas,593246,47624,211,2038,2047,user,adidas,2026-04-04 00:31:04,1775233864,,10748373,verified account,7,7557377172256590614,True,adidas
7557057716913589526,1759514616,a modern love story 💘 #tota #trionda #fifaworldcup #wc2026 #adidas,"tota,trionda,fifaworldcup,wc2026,adidas",6821492077018350597,adidas,6341050,605908,4660,23268,28653,user,adidas,2026-04-04 00:31:04,1775233864,,10748373,verified account,7,7557057704137739030,True,adidas
7557025590881078550,1759507136,in the end we became hermanos. 🤩​ @Lamine Yamal  ​ #trionda #fifaworldcup #adidas #lamineyamal #lamine​ ​,"trionda,fifaworldcup,adidas,lamineyamal,lamine",6821492077018350597,adidas,3487114,296612,822,4535,13629,user,adidas,2026-04-04 00:31:04,1775233864,,10748373,verified account,22,7557025574579145494,True,adidas
7556994843411549462,1759499978,it was about time we met 🐐​ ​ #trionda #fifaworldcup #adidas #messi #leomessi​ ​,"trionda,fifaworldcup,adidas,messi,leomessi",6821492077018350597,adidas,1771051,237969,2305,5752,10145,user,adidas,2026-04-04 00:31:04,1775233864,,10748373,verified account,9,7351531037195175937,True,adidas
7556817598852205846,1759458743,Welcome to the Trionda era ⚽️ ✨ #trionda #fifaworldcup #adidas #sphereVegas,"trionda,fifaworldcup,adidas,sphereVegas",6821492077018350597,adidas,938601,76780,529,6656,4513,user,adidas,2026-04-04 00:31:04,1775233864,,10748373,verified account,55,7556817625406327574,True,adidas
7556644878340443414,1759418497,here for my daily dose of @babymonster_yg 🥰#babymonster #dance #zne #adidas,"babymonster,dance,zne,adidas",6821492077018350597,adidas,1610125,222933,2000,5545,13625,user,adidas,2026-04-04 00:31:04,1775233864,,10748373,verified account,12,7167049306623444993,True,adidas
7556316565008846102,1759342053,you're not ready for this one…😏 #trionda #fifaworldcup #adidas,"trionda,fifaworldcup,adidas",6821492077018350597,adidas,554849,35649,272,233,1465,user,adidas,2026-04-04 00:31:08,1775233868,,10748374,verified account,18,7556316580624272150,True,adidas
7556269596249050390,1759331118,Wales > Golf > Football 🤷‍♂️ #garethbale #golf #chippingchallenge #adidas ,"garethbale,golf,chippingchallenge,adidas",6821492077018350597,adidas,986024,58814,3376,3305,4700,user,adidas,2026-04-04 00:31:08,1775233868,,10748374,verified account,36,7359194360686954513,True,adidas
7555960472789470467,1759259144,big. biggger. Trionda.  #trionda #fifaworldcup #adidas #sphereVegas ,"trionda,fifaworldcup,adidas,sphereVegas",6821492077018350597,adidas,1134426,102208,504,3321,5974,user,adidas,2026-04-04 00:31:08,1775233868,,10748374,verified account,59,7555960457162279702,True,adidas
7555903822070271254,1759245955,here for my daily dose of Marcelo 🥰 #silentreaction #marcelo #adidas,"silentreaction,marcelo,adidas",6821492077018350597,adidas,101047,5853,82,31,178,user,adidas,2026-04-04 00:31:08,1775233868,,10748374,verified account,8,7378271864047781924,True,adidas
7554784836313976086,1758985420,Who are we letting outside in these?? AD #fyp #adidas #snapchatfilter #snapchat #unboxing  ,"fyp,adidas,snapchatfilter,snapchat,unboxing",6619380575629672454,ninaahumphrey,658444,66161,352,3106,2112,user,adidas,2026-04-04 00:31:08,1775233868,writer + actress  IG - ninahumphreyy Snap - ninaahumphrey 📩 NinaHumphreyTeam@bep-ny.com 📍London,588537,,41,7554784829296921366,True,adidas
7554347968095063318,1758883705,starboy can do it all 🤌@Lamine Yamal #zne #football #adidas,"zne,football,adidas",6821492077018350597,adidas,280098,18819,132,250,908,user,adidas,2026-04-04 00:31:08,1775233868,,10748374,verified account,11,7504786302513793040,True,adidas
7554041174596635926,1758812274,rate the result 🙂‍↕️👇👇 #football #predator #juventus #adidas ,"football,predator,juventus,adidas",6821492077018350597,adidas,306596,24429,259,171,886,user,adidas,2026-04-04 00:31:08,1775233868,,10748374,verified account,24,7120691844605872130,True,adidas
7553708193629654294,1758734744,YOUR BARBER COULD NEVER 🚫✂️ #barbertok #trefoil #adidas ,"barbertok,trefoil,adidas",6821492077018350597,adidas,396285,30053,284,7746,2148,user,adidas,2026-04-04 00:31:08,1775233868,,10748374,verified account,46,7553708189779331863,True,adidas
7553345022934912278,1758650187,legends everywhere 😩 #ballondor #football #adidas ,"ballondor,football,adidas",6821492077018350597,adidas,114016,6230,84,55,279,user,adidas,2026-04-04 00:31:08,1775233868,,10748374,verified account,23,7553345011279252246,True,adidas
7553304111534378262,1758640662,ET OUSMANE BALLON D‘OR #ousmanedembele #ballondor #football #adidas @o.dembele7 ,"ousmanedembele,ballondor,football,adidas",6821492077018350597,adidas,1649896,258811,3112,3607,12260,user,adidas,2026-04-04 00:31:08,1775233868,,10748374,verified account,7,7478004250631555088,True,adidas
7553198420199099670,1758616060,it’s called a fashion piece 🤌 #F50 #freewill #football #adidas ,"f50,freewill,football,adidas",6821492077018350597,adidas,410325,26404,336,248,869,user,adidas,2026-04-04 00:31:12,1775233872,,10748214,verified account,8,7356836665607276561,True,adidas
7553034081156549910,1758577794,3 x Ballon D‘or = ♾️aura @Aitana Bonmatí #ballondor #3peat #football #adidas ,"ballondor,3peat,football,adidas",6821492077018350597,adidas,977700,97438,438,1500,3259,user,adidas,2026-04-04 00:31:12,1775233872,,10748214,verified account,5,6895811481653266433,True,adidas
7553018589188541718,1758574184,"clip it, hang it in the louvre 🖼️ #nightnight #ousmanedembele #ballondor #football #adidas ","nightnight,ousmanedembele,ballondor,football,adidas",6821492077018350597,adidas,4386279,557941,3284,35888,24996,user,adidas,2026-04-04 00:31:12,1775233872,,10748214,verified account,9,7356836665607276561,True,adidas
7553011271826902294,1758572481,couldn‘t help himself 🧤#donnarumma #bestkeeper #ballondor #football #adidas ,"donnarumma,bestkeeper,ballondor,football,adidas",6821492077018350597,adidas,427977,35391,165,303,1080,user,adidas,2026-04-04 00:31:12,1775233872,,10748214,verified account,6,7492085967088994320,True,adidas
7553004016007974166,1758570790,proper fit to pick up a trophy 💅#vickylopez #kopatrophy #ballondor #football #adidas,"vickylopez,kopatrophy,ballondor,football,adidas",6821492077018350597,adidas,1550519,127766,529,1016,5699,user,adidas,2026-04-04 00:31:12,1775233872,,10748214,verified account,6,7393402351669528593,True,adidas
7552967442784439574,1758562274,2’s otw @Anthony Edwards #anthonyedwards #ae2 #sneakers #NBA #adidas ,"anthonyedwards,ae2,sneakers,nba,adidas",6821492077018350597,adidas,627329,69900,481,2224,4705,user,adidas,2026-04-04 00:31:12,1775233872,,10748214,verified account,9,7504786302513793040,True,adidas
7552600064439422230,1758476737,She ate @anna hall #differentkindofhunger #trackandfield #adidas ,"differentkindofhunger,trackandfield,adidas",6821492077018350597,adidas,93213,5470,54,30,131,user,adidas,2026-04-04 00:31:12,1775233872,,10748214,verified account,0,7300951729636575233,True,adidas
7552207918637141270,1758385435,world champion card dropped 🤏 #noahlyles #worldchampion #trackandfield #tokyo2025 #adidas,"noahlyles,worldchampion,trackandfield,tokyo2025,adidas",6821492077018350597,adidas,419839,38774,118,667,1582,user,adidas,2026-04-04 00:31:12,1775233872,,10748214,verified account,13,7478702330390497281,True,adidas
7552172084013567254,1758377092,which one you wearing? #fashionweek #labrum #adidas ,"fashionweek,labrum,adidas",6821492077018350597,adidas,58250,2785,66,19,73,user,adidas,2026-04-04 00:31:12,1775233872,,10748214,verified account,19,6988190007181887489,True,adidas
7551878019300756758,1758308623,"Superstars, everywhere. #adidassuperstar #fashion #paris  ","adidassuperstar,fashion,paris",6821492077018350597,adidas,67615,2331,67,55,84,user,adidas,2026-04-04 00:31:12,1775233872,,10748214,verified account,9,7551878005046266646,True,adidas
7551434651701742870,1758205395,when your order matches your drip 😏#strawberrymatcha #matchaaddict #gazelle #adidas,"strawberrymatcha,matchaaddict,gazelle,adidas",6821492077018350597,adidas,64266,2396,50,33,88,user,adidas,2026-04-04 00:31:16,1775233876,,10748376,verified account,6,6817306569852585985,True,adidas
7551182099903008022,1758146597,Catch them if you can 🤞 #adidassuperstar #asake #adidas ,"adidassuperstar,asake,adidas",6821492077018350597,adidas,1439021,166520,927,3109,5322,user,adidas,2026-04-04 00:31:16,1775233876,,10748376,verified account,23,7551182103474277142,True,adidas
7550583847868566806,1758007307,who’s going to tell him 👀 #ObliqueSeville #Tokyo2025 #goldmedal #trackandfield #adidas,"obliqueseville,tokyo2025,goldmedal,trackandfield,adidas",6821492077018350597,adidas,248550,23710,267,737,568,user,adidas,2026-04-04 00:31:16,1775233876,,10748376,verified account,10,7184826915117598721,True,adidas
7550363367156763926,1757955966,"Reacting to your classical recs in full streetwear, as I should #fyp #adidas #musicreaction #streetwear ","fyp,adidas,musicreaction,streetwear",6821492077018350597,adidas,542400,79229,725,6498,2850,user,adidas,2026-04-04 00:31:16,1775233876,,10748376,verified account,24,7550363368499923734,True,adidas
7549932755644058902,1757855707,Kader knows ball #sneakers #skate #adidas ,"sneakers,skate,adidas",6821492077018350597,adidas,99084,3644,50,61,214,user,adidas,2026-04-04 00:31:16,1775233876,,10748376,verified account,28,7549932752982035222,True,adidas
7549880618482404630,1757843568,unserious love that for them #fitcheck #mercedesAMG #Tokyo2025 #trackandfield #adidas ,"fitcheck,mercedesamg,tokyo2025,trackandfield,adidas",6821492077018350597,adidas,46823,1548,31,7,53,user,adidas,2026-04-04 00:31:16,1775233876,,10748376,verified account,7,7174175863313795073,True,adidas
7549575822244334870,1757772602,IYKYK 🔥💜 #guesstheplayer #f50 #football #adidas,"guesstheplayer,f50,football,adidas",6821492077018350597,adidas,1199944,82269,408,1588,4519,user,adidas,2026-04-04 00:31:16,1775233876,,10748376,verified account,13,7234216490516596738,True,adidas
7549203902617373974,1757686009,💃💃,,6821492077018350597,adidas,66572,2428,83,11,88,user,adidas,2026-04-04 00:31:16,1775233876,,10748376,verified account,15,7515079524474112017,True,adidas
7549140195812068630,1757671177,a work of art 🔥💜    #lamineyamal #f50 #art #football #adidas ,"lamineyamal,f50,art,football,adidas",6821492077018350597,adidas,168584,19266,194,529,1039,user,adidas,2026-04-04 00:31:19,1775233879,,10748376,verified account,19,7008590748467595266,True,adidas
7548846776900472086,1757602857,scoring imaginary goals 🤌 #predatormegaride #benched #neverkickedaball #adidas ,"predatormegaride,benched,neverkickedaball,adidas",6821492077018350597,adidas,64165,2245,53,20,109,user,adidas,2026-04-04 00:31:19,1775233879,,10748376,verified account,7,7055830703523301377,True,adidas
7548477900740218134,1757516974,Picanha ou Brigadeiro no top 1?,,6821492077018350597,adidas,85651,2187,68,23,69,user,adidas,2026-04-04 00:31:19,1775233879,,10748376,verified account,34,7390550062214793233,True,adidas
7548104958458039574,1757430141,me n them against the world fr #OOTD #fitcheck #adidas #adidasoriginals ,"ootd,fitcheck,adidas,adidasoriginals",6821492077018350597,adidas,50628,2054,43,40,102,user,adidas,2026-04-04 00:31:19,1775233879,,10748376,verified account,7,7405897921629767681,True,adidas
7547740982863777046,1757345396,the best essentials straight from Calafiori ⚽️🇮🇹 #adidas #whatsinmybag #calafiori,"adidas,whatsinmybag,calafiori",6821492077018350597,adidas,218478,14364,119,817,844,user,adidas,2026-04-04 00:31:19,1775233879,,10748376,verified account,31,7269941158180014082,True,adidas
7546658238868065558,1757093299,Which pair you want to see retroed? #tracymcgrady #tmac #adidas #NBA ,"tracymcgrady,tmac,adidas,nba",6821492077018350597,adidas,64668,1713,90,23,108,user,adidas,2026-04-04 00:31:19,1775233879,,10748376,verified account,0,7525111907898148881,True,adidas
7546260373876264214,1757000665,chat how hard do these go? 🥶 #momentvstheshot #superstar #adidas ,"momentvstheshot,superstar,adidas",6821492077018350597,adidas,218904,15970,229,108,830,user,adidas,2026-04-04 00:31:19,1775233879,,10748376,verified account,13,7356836665607276561,True,adidas
7545895220039257346,1756915645,never too many Marcelos 🥸🤪 #bape #Marcelo #football  #adidas ,"bape,marcelo,football,adidas",6821492077018350597,adidas,669816,55218,185,1087,2572,user,adidas,2026-04-04 00:31:19,1775233879,,10748376,verified account,18,7545895208886487830,True,adidas
7545839738603851030,1756902728,we forgive you 🙂‍↕️🤤 #bape #mastantuono #football #adidas ,"bape,mastantuono,football,adidas",6821492077018350597,adidas,4008059,481345,1987,13563,22932,user,adidas,2026-04-04 00:31:19,1775233879,,10748376,verified account,9,7206916889707022338,True,adidas
7545522436905717014,1756828851,just here because Pedri is speaking English 🤩 #davidbeckham #pedri  #football #adidas ,"davidbeckham,pedri,football,adidas",6821492077018350597,adidas,1396349,203776,1654,4165,12348,user,adidas,2026-04-04 00:31:19,1775233879,,10748376,verified account,5,7545522433275480854,True,adidas
7545175635333778710,1756748104,always Climacool 😎😮‍💨 #climacool #juventus #football #adidas ,"climacool,juventus,football,adidas",6821492077018350597,adidas,176582,21462,86,1595,1596,user,adidas,2026-04-04 00:31:23,1775233883,,10748216,verified account,8,7376205931254253594,True,adidas
7545136454041603350,1756738981,comment 🗿to let our intern do all our edits #genzedit #superstar #originals #adidas ,"genzedit,superstar,originals,adidas",6821492077018350597,adidas,199029,8254,82,185,425,user,adidas,2026-04-04 00:31:23,1775233883,,10748216,verified account,9,7545136449728334614,True,adidas
7544020286945955074,1756479103,"pass the salt, pls 🧂#sneakerroast #taekwondos #adidssoriginals #adidas ","sneakerroast,taekwondos,adidssoriginals,adidas",6821492077018350597,adidas,85086,3236,104,19,86,user,adidas,2026-04-04 00:31:23,1775233883,,10748216,verified account,6,7467010793452603409,True,adidas
7543693899055779094,1756403109,the equipment you need to run 100k in under 6 hours 🤌#unboxing #asmr #chasing100 #Running #adidas,"unboxing,asmr,chasing100,Running,adidas",6821492077018350597,adidas,3320162,195254,797,14385,12417,user,adidas,2026-04-04 00:31:23,1775233883,,10748216,verified account,57,7543693899627678486,True,adidas
7543651250206756118,1756393180,"can’t stop looking at it, won’t stop 🤤🤩 @Champions League   #championsleague #matchball #football #adidas ","championsleague,matchball,football,adidas",6821492077018350597,adidas,329381,44348,159,377,1820,user,adidas,2026-04-04 00:31:23,1775233883,,10748216,verified account,8,7163267183362738178,True,adidas
7543299079154027798,1756311183,the craziest thing about #adidas ,adidas,6821492077018350597,adidas,316310,5244,136,117,232,user,adidas,2026-04-04 00:31:23,1775233883,,10748216,verified account,6,7543299080911342358,True,adidas
7543173830068456726,1756282026,sweetest dreams with the new ball 🌟🙂‍↕️ #UWCL  #womenschampionsleague #matchball #football #adidas ,"uwcl,womenschampionsleague,matchball,football,adidas",6821492077018350597,adidas,66295,4184,93,99,189,user,adidas,2026-04-04 00:31:23,1775233883,,10748216,verified account,0,6817348384819513345,True,adidas
7543172810886384919,1756281788,new @Champions League ball talk 🙂‍↕️🤩 #championsleague #matchball #football #adidas ,"championsleague,matchball,football,adidas",6821492077018350597,adidas,375058,49981,226,1679,3325,user,adidas,2026-04-04 00:31:23,1775233883,,10748216,verified account,10,7332699691665213441,True,adidas
7541427877691002134,1755875510,"it‘s really, really, really far #adizero #valterribottas #Running #adidas ","adizero,valterribottas,running,adidas",6821492077018350597,adidas,104038,4290,119,197,149,user,adidas,2026-04-04 00:31:23,1775233883,,10748216,verified account,29,6904667367213631490,True,adidas
7541375198361046294,1755863244,what did you guess? 🤔 btw get the new Y-3 X Tennis drop #y3 #tennis #adidas,"y3,tennis,adidas",6821492077018350597,adidas,60433,1552,70,16,63,user,adidas,2026-04-04 00:31:23,1775233883,,10748216,verified account,18,7191939162503809025,True,adidas
7540732095878958358,1755713512,nailed it 💅 #welcometothefam #nailart #harpermurray #volleyball #adidas,"welcometothefam,nailart,harpermurray,volleyball,adidas",6821492077018350597,adidas,2492912,116610,291,593,2387,user,adidas,2026-04-04 00:31:28,1775233888,,10748378,verified account,7,7515079524474112017,True,adidas
7540301204887211286,1755613187,class is permanent 😮‍💨 #xabialonso #football #adidas,"xabialonso,football,adidas",6821492077018350597,adidas,4701735,578457,2162,18076,28773,user,adidas,2026-04-04 00:31:28,1775233888,,10748378,verified account,22,7430122231988307984,True,adidas
7540204657570893078,1755590713,Dinner im Wohnzimmer 🥰#dinnerwithaview #alteförsterei #unionberlin #football #adidas,"dinnerwithaview,alteförsterei,unionberlin,football,adidas",6821492077018350597,adidas,123848,13352,99,857,565,user,adidas,2026-04-04 00:31:28,1775233888,,10748378,verified account,10,6704985044194166786,True,adidas
7539916460433476886,1755523607,apparently harder than it looks 🤷‍♂️ #marchinthebox  #basketball #adidas ,"marchinthebox,basketball,adidas",6821492077018350597,adidas,230727,8492,69,48,369,user,adidas,2026-04-04 00:31:28,1775233888,,10748378,verified account,28,7430122231988307984,True,adidas
7538721344817532182,1755245349,"okay I like it, Picasso 🎨#beckhamisanartist #predator #football #adidas ","beckhamisanartist,predator,football,adidas",6821492077018350597,adidas,915656,82371,222,4137,3504,user,adidas,2026-04-04 00:31:28,1775233888,,10748378,verified account,10,6988190007181887489,True,adidas
7538116429262900502,1755104504,Going to tell my kids this is how queens eat… 💅 🍰 #adidassuperstar #gabbriette #iconic ,"adidassuperstar,gabbriette,iconic",6821492077018350597,adidas,192954,9255,64,248,478,user,adidas,2026-04-04 00:31:28,1775233888,,10748378,verified account,10,7167238925470140418,True,adidas
7537753235558305046,1755019943,easy 10 min dinner idea 🤌#dinnerecipes #adidasoriginals #adias ,"dinnerecipes,adidasoriginals,adias",6821492077018350597,adidas,103078,7102,174,280,313,user,adidas,2026-04-04 00:31:28,1775233888,,10748378,verified account,12,6817306569852585985,True,adidas
7537709180908555542,1755009685,"wins championships, doesn’t play games 🥶🥶 @J-DUB #nbachampion #basketball #adidas","nbachampion,basketball,adidas",6821492077018350597,adidas,160406,9743,89,172,514,user,adidas,2026-04-04 00:31:28,1775233888,,10748378,verified account,15,7537709186113637142,True,adidas
7536534905010851094,1754736278,guess he controls everything now @Pedri González 🤷‍♂️ #midfieldmaster #football #predator #adidas,"midfieldmaster,football,predator,adidas",6821492077018350597,adidas,684090,71230,709,2875,4620,user,adidas,2026-04-04 00:31:28,1775233888,,10748378,verified account,8,7348639699273467906,True,adidas
7535852701347892502,1754577441,sick la @FloWirtz 🙂‍↕️🔥 #liverpoolfc #newkit  #florianwirtz #football #adidas ,"liverpoolfc,newkit,florianwirtz,football,adidas",6821492077018350597,adidas,504929,44184,265,556,1976,user,adidas,2026-04-04 00:31:28,1775233888,,10748378,verified account,16,7362091076045588497,True,adidas
7535489204369788182,1754492805,it‘s giving fine dining 🤌 #dinnerfit #arsenal #football #adidasoriginals #adidas,"dinnerfit,arsenal,football,adidasoriginals,adidas",6821492077018350597,adidas,171489,16084,228,1197,771,user,adidas,2026-04-04 00:31:32,1775233892,,10748219,verified account,0,7363546321330358288,True,adidas
7535162775467740438,1754416804,Birthday boy cooked. 🔥👨‍🍳#birthdayboy #anthonyedwards #adidasSuperstar #basketball ,"birthdayboy,anthonyedwards,adidassuperstar,basketball",6821492077018350597,adidas,115401,4863,165,81,298,user,adidas,2026-04-04 00:31:32,1775233892,,10748219,verified account,7,7478004250631555088,True,adidas
7535066968475389206,1754394498,just two bros trying their best 😂🗣️ @James Harden @Lacy  #adidas #basketball #china #jamesharden #lacy #clipfarm,"adidas,basketball,china,jamesharden,lacy,clipfarm",6821492077018350597,adidas,1196715,34176,292,740,2082,user,adidas,2026-04-04 00:31:32,1775233892,,10748219,verified account,28,7187218359857973250,True,adidas
7534791530645654797,1754330400,That court is SICK 😤 @James Harden @adidas #basketball #china #jamesharden #NBA ,"basketball,china,jamesharden,nba",6625714545389142022,overtime,143614,12492,77,145,390,user,adidas,2026-04-04 00:31:32,1775233892,Love ya'll 🤞 OT7 IS BACK!!! 🤩🚨🏈⬇️,31419693,verified account,14,7534791617576782606,True,adidas
7534743580712144150,1754319203,how many celebrations did you count? 👀 #brunoguimaraes #nufc  #football #adidas ,"brunoguimaraes,nufc,football,adidas",6821492077018350597,adidas,507823,42492,365,3054,2169,user,adidas,2026-04-04 00:31:32,1775233892,,10748219,verified account,30,7534743582868097814,True,adidas
7534511375087848726,1754265140,Don’s just nice at everything 😂 @Spida #adidas #donovanmitchell #NBA #basketball ,"adidas,donovanmitchell,nba,basketball",6821492077018350597,adidas,265214,12885,86,341,559,user,adidas,2026-04-04 00:31:32,1775233892,,10748219,verified account,67,7534511328288557846,True,adidas
7534303672755293442,1754216779,Nothing beats a @Mercedes-AMG F1 holiday 💨🇵🇷🌴 #adidas #puertorico #nothingbeatsajet2holiday ,"adidas,puertorico,nothingbeatsajet2holiday",6821492077018350597,adidas,110797,5247,77,141,287,user,adidas,2026-04-04 00:31:32,1775233892,,10748219,verified account,27,7358148326406227984,True,adidas
7533986907714227478,1754143025,only good options 🙂‍↕️✨ #liverpoolfc #jerseys #football #adidas ,"liverpoolfc,jerseys,football,adidas",6821492077018350597,adidas,911507,119407,748,23103,4740,user,adidas,2026-04-04 00:31:32,1775233892,,10748219,verified account,15,7072513628145977346,True,adidas
7533525648078540055,1754035636,TikTok do your thing. #liverpoolfc #hellyea #football #adidas ,"liverpoolfc,hellyea,football,adidas",6821492077018350597,adidas,1339499,179951,1993,2847,5443,user,adidas,2026-04-04 00:31:32,1775233892,,10748219,verified account,6,7338810757637507073,True,adidas
7533315604044844310,1753986725,@Bad Bunny ,,6821492077018350597,adidas,234158,17511,109,430,771,user,adidas,2026-04-04 00:31:32,1775233892,,10748219,verified account,5,7483933533720823824,True,adidas
7533247139548318998,1753970784,all trin’s 💖💞✨🤪💅🥰 #sparkfusion #trinity #football #adidas ,"sparkfusion,trinity,football,adidas",6821492077018350597,adidas,141306,7847,92,120,318,user,adidas,2026-04-04 00:31:35,1775233895,,10748219,verified account,7,7533247132582185750,True,adidas
7532888493282856214,1753887282,that’s the F50 effect 🏎️💨 #F50 #speed #football #adidas ,"f50,speed,football,adidas",6821492077018350597,adidas,115593,5297,119,53,254,user,adidas,2026-04-04 00:31:35,1775233895,,10748219,verified account,12,7362330149377804304,True,adidas
7532131967547215106,1753711140,"Euros summer, you were everything 🥹❤️ #WEURO2025 #weurofinal  #switzerland #WomensFootball  #adidas ","weuro2025,weurofinal,switzerland,womensfootball,adidas",6821492077018350597,adidas,63414,2106,60,10,84,user,adidas,2026-04-04 00:31:35,1775233895,,10748219,verified account,17,7115194668035360770,True,adidas
7531699857283648791,1753610532,🔥 questions before the big game.🤩 #WEURO2025 #weurofinal #WomensFootball #adidas ,"weuro2025,weurofinal,womensfootball,adidas",6821492077018350597,adidas,63644,1845,48,18,118,user,adidas,2026-04-04 00:31:35,1775233895,,10748219,verified account,26,7370712348132804625,True,adidas
7531315716083961110,1753521093,feliz cumpleaños 🎂❤️ @vicky  #WEURO2025 #vickylopez #happybirthday #WomensFootball #adidas ,"weuro2025,vickylopez,happybirthday,womensfootball,adidas",6821492077018350597,adidas,417920,34271,535,413,2113,user,adidas,2026-04-04 00:31:35,1775233895,,10748219,verified account,22,7531315704479435542,True,adidas
7531076081403596054,1753465296,new adidas x Minecraft add on makes you lava proof 🔥 #Minecraft #adidas @Minecraft ,"minecraft,adidas",6821492077018350597,adidas,436391,38525,286,11164,2074,user,adidas,2026-04-04 00:31:35,1775233895,,10748219,verified account,10,7531076069542415126,True,adidas
7531019004220067094,1753452005,Sunday’s too far. 🥹⚽️ #WEURO2025 #switzerland  #sparkfusion #WomensFootball #adidas ,"weuro2025,switzerland,sparkfusion,womensfootball,adidas",6821492077018350597,adidas,54699,2815,63,47,123,user,adidas,2026-04-04 00:31:35,1775233895,,10748219,verified account,7,7306992128410961921,True,adidas
7530396915523915030,1753307166,guess who’s back 🇪🇸🤩 #WEURO2025 #spain🇪🇸  #WomensFootball #adidas ,"weuro2025,spain🇪🇸,womensfootball,adidas",6821492077018350597,adidas,260009,12005,217,90,717,user,adidas,2026-04-04 00:31:35,1775233895,,10748219,verified account,6,7504054931448956929,True,adidas
7530295159217474838,1753283473,didn’t see the last one coming 😮 @Selección española  #WEURO2025 #spain🇪🇸  #WomensFootball #adidas ,"weuro2025,spain🇪🇸,womensfootball,adidas",6821492077018350597,adidas,98948,6569,49,91,346,user,adidas,2026-04-04 00:31:35,1775233895,,10748219,verified account,25,7022811438238731014,True,adidas
7529968991591304470,1753207532,United in Manchester 🤩 #cricket #india #manchesterunited #football  #adidas ,"cricket,india,manchesterunited,football,adidas",6821492077018350597,adidas,485088,39619,226,570,1205,user,adidas,2026-04-04 00:31:35,1775233895,,10748219,verified account,5,6737391582615439361,True,adidas
7529915867824622871,1753195164,All eyes on the final 👀⚽️🇨🇭 #weuro2025 #WomensFootball #football,"weuro2025,womensfootball,football",6821492077018350597,adidas,48013,2043,36,2,61,user,adidas,2026-04-04 00:31:39,1775233899,,10748219,verified account,0,7356836665607276561,True,adidas
7529542408325909782,1753108210,waiting for the real ones. ✨ #arsenal #footballkit #football #adidas ,"arsenal,footballkit,football,adidas",6821492077018350597,adidas,201130,15861,206,199,711,user,adidas,2026-04-04 00:31:39,1775233899,,10748219,verified account,11,7072513628145977346,True,adidas
7529180960148032790,1753024055,the final four just got a glow up ✨⚽️ #WEURO25 #WomensFootball #football #adidas ,"weuro25,womensfootball,football,adidas",6821492077018350597,adidas,71138,1909,54,25,97,user,adidas,2026-04-04 00:31:39,1775233899,,10748219,verified account,8,7498967734950217729,True,adidas
7528918979541273878,1752963057,knock knock ✊ hallo semis🙂‍↕️ #dfb #germany🇩🇪 #WEURO25 #WomensFootball  #adidas ,"dfb,germany🇩🇪,weuro25,womensfootball,adidas",6821492077018350597,adidas,202024,18814,192,547,1286,user,adidas,2026-04-04 00:31:39,1775233899,,10748219,verified account,6,7428967399708346369,True,adidas
7528811660216257814,1752938070,serving goals and asmr 🫡✨ @julebrand  #WEURO25 #asmr #dfb #WomensFootball #adidas ,"weuro25,asmr,dfb,womensfootball,adidas",6821492077018350597,adidas,123886,7930,75,465,966,user,adidas,2026-04-04 00:31:39,1775233899,,10748219,verified account,12,7528811656384121622,True,adidas
7528530918907137302,1752872704,vamooos spain !! 🇪🇸❤️‍🔥 #WEURO25 #spain #vickylopez #athenea #adidas ,"weuro25,spain,vickylopez,athenea,adidas",6821492077018350597,adidas,291728,26705,182,196,1599,user,adidas,2026-04-04 00:31:39,1775233899,,10748219,verified account,7,7459874314821732369,True,adidas
7528421273815223574,1752847175,speed on point for tonight  🫡💜 #WEURO2025 #sparkfusion  #vickylopez  #WomensFootball  #adidas ,"weuro2025,sparkfusion,vickylopez,womensfootball,adidas",6821492077018350597,adidas,37856,1078,30,13,53,user,adidas,2026-04-04 00:31:39,1775233899,,10748219,verified account,16,7307578547357763586,True,adidas
7528065859160526102,1752764424,"can’t choose, want them all 🥸 #MLS  #newjwersey #soccertiktok #adidas ","mls,newjwersey,soccertiktok,adidas",6821492077018350597,adidas,11428,337,14,3,21,user,adidas,2026-04-04 00:31:39,1775233899,,10748219,verified account,45,7291362350783006722,True,adidas
7528026882642693398,1752755349,"comments: ""adidas is cooking"" literally us: 🧑‍🍳⏲️🇫🇷 #adidas #jerseys #rugby","adidas,jerseys,rugby",6821492077018350597,adidas,94569,5507,96,81,262,user,adidas,2026-04-04 00:31:39,1775233899,,10748219,verified account,27,6817660123272448001,True,adidas
7527789812267355414,1752700152,the dream continues. 🤩⚽️ #azzurre #weuro2025 #WomensFootball #adidas ,"azzurre,weuro2025,womensfootball,adidas",6821492077018350597,adidas,64576,1623,28,9,64,user,adidas,2026-04-04 00:31:39,1775233899,,10748219,verified account,5,7516942882042759184,True,adidas
7527599539461590294,1752655853,for real 😮‍💨🥹 @Manchester United  #manunited   #newjersey #football  #adidas ,"manunited,newjersey,football,adidas",6821492077018350597,adidas,192217,25670,157,708,957,user,adidas,2026-04-04 00:31:43,1775233903,,10748379,verified account,0,6566097156007004929,True,adidas
7527372922122554646,1752603087,rate 1-10🥀🥀#unboxing #willychavarria #adidas,"unboxing,willychavarria,adidas",6821492077018350597,adidas,52741,1629,53,35,95,user,adidas,2026-04-04 00:31:43,1775233903,,10748379,verified account,24,6754296959298701313,True,adidas
7526939546890685718,1752502186,told you is all hers 🤷‍♀️ #WEURO24 #sparkfusion #WomensFootball #adidas ,"weuro24,sparkfusion,womensfootball,adidas",6821492077018350597,adidas,66864,2443,57,23,121,user,adidas,2026-04-04 00:31:43,1775233903,,10748379,verified account,5,7417834223601747969,True,adidas
7526130211717401878,1752313746,Italy to Quarter Finals here we go 🤌 #WEURO2025 #WomensFootball #adidas,"weuro2025,womensfootball,adidas",6821492077018350597,adidas,106140,3458,74,17,155,user,adidas,2026-04-04 00:31:43,1775233903,,10748379,verified account,7,7239111762301323265,True,adidas
7525877881885576470,1752254997,20 sec of therapy 😌 #Weuro2025#skiller #WomensFootball #adidas,"weuro2025,skiller,womensfootball,adidas",6821492077018350597,adidas,74388,2834,69,31,148,user,adidas,2026-04-04 00:31:43,1775233903,,10748379,verified account,19,7220646509551978497,True,adidas
7525824143200210198,1752242487,eat. sleep. score. repeat.🔁  #weuro2025 #athenea #spain  #WomensFootball #adidas ,"weuro2025,athenea,spain,womensfootball,adidas",6821492077018350597,adidas,121171,5296,123,120,422,user,adidas,2026-04-04 00:31:43,1775233903,,10748379,verified account,17,7385679170251098113,True,adidas
7525504666755517718,1752168099,drop it from space next? @Lamine Yamal #baller #pureskill #football #adidas ,"baller,pureskill,football,adidas",6821492077018350597,adidas,3122061,249428,644,3035,9621,user,adidas,2026-04-04 00:31:43,1775233903,,10748379,verified account,15,7434894943002462224,True,adidas
7525452774402723094,1752156017,W Euro 🤝 W celebrations 😮‍💨🔥  #weuro2025 #football #celebration #WomensFootball #adidas ,"weuro2025,football,celebration,womensfootball,adidas",6821492077018350597,adidas,65034,2618,53,16,153,user,adidas,2026-04-04 00:31:43,1775233903,,10748379,verified account,27,7428967399708346369,True,adidas
7525366869734313238,1752136021,insane ​plot 🥸🍿​ #arsenal #lewisskelly #gabrielmagalhaes ​ #football #adidas,"arsenal,lewisskelly,gabrielmagalhaes,football,adidas",6821492077018350597,adidas,637639,61508,396,1355,2350,user,adidas,2026-04-04 00:31:43,1775233903,,10748379,verified account,9,7191939162503809025,True,adidas
7525126386881793302,1752080025,@Lamine Yamal learning Chinese is my roman empire 🫶#multitalent #learnchinese #football #adidas,"multitalent,learnchinese,football,adidas",6821492077018350597,adidas,3964135,380118,2739,21583,27802,user,adidas,2026-04-04 00:31:43,1775233903,,10748379,verified account,16,7525127240846609174,True,adidas
7525082637568855318,1752069838,"be right back, just hanging out at the @UEFA Women’s EURO 2025 🇨🇭⚽️ #weuro2025 #adidas #football ","weuro2025,adidas,football",6821492077018350597,adidas,57934,1856,43,6,94,user,adidas,2026-04-04 00:31:47,1775233907,,10748223,verified account,8,7396032963954477072,True,adidas
7524708488530939158,1751982726,it‘s giving model ✨ #sparkfusion #weuro2025 #WomensFootball #adidas,"sparkfusion,weuro2025,womensfootball,adidas",6821492077018350597,adidas,103146,3240,107,49,139,user,adidas,2026-04-04 00:31:47,1775233907,,10748223,verified account,8,7348639699273467906,True,adidas
7524661084943355158,1751971691,he just can‘t help himself 🤷‍♂️ #ballislife #newkit #manukone #asroma #football #adidas,"ballislife,newkit,manukone,asroma,football,adidas",6821492077018350597,adidas,214311,17826,129,168,711,user,adidas,2026-04-04 00:31:47,1775233907,,10748223,verified account,7,7498967734950217729,True,adidas
7524406200247602454,1751912343,who won chat? 🤔#toiletpaperchallenge #weuro2025 #WomensFootball #adidas ,"toiletpaperchallenge,weuro2025,womensfootball,adidas",6821492077018350597,adidas,70395,2954,48,34,181,user,adidas,2026-04-04 00:31:47,1775233907,,10748223,verified account,25,7343535328941770754,True,adidas
7524360294978653462,1751901657,only the best in Switzerland 😮‍💨🇨🇭 #weuro2025 #WomensFootball #adidas ,"weuro2025,womensfootball,adidas",6821492077018350597,adidas,55039,1640,38,14,77,user,adidas,2026-04-04 00:31:47,1775233907,,10748223,verified account,12,7496036501282589462,True,adidas
7524257952920882454,1751877829,rate admin car editing skills 🫡 #clubworldcup #officialmatchball #football #adidas ,"clubworldcup,officialmatchball,football,adidas",6821492077018350597,adidas,97212,4322,98,144,305,user,adidas,2026-04-04 00:31:47,1775233907,,10748223,verified account,15,7460067557899978768,True,adidas
7523600862170582294,1751724836,chat is this the best one yet? #boatkid #aurafarming #weuro2025 #WomensFootball #adidas ,"boatkid,aurafarming,weuro2025,womensfootball,adidas",6821492077018350597,adidas,4775806,300969,3388,7313,11391,user,adidas,2026-04-04 00:31:47,1775233907,,10748223,verified account,9,7370712348132804625,True,adidas
7523270813454306582,1751647991,talking about an entrance 🤌#dfbfrauen #Weuro2025 #WomensFootball #adidas ,"dfbfrauen,weuro2025,womensfootball,adidas",6821492077018350597,adidas,110223,1407,81,14,56,user,adidas,2026-04-04 00:31:47,1775233907,,10748223,verified account,22,7523270797190548246,True,adidas
7523232847973338390,1751639151,seems like they got all they need 😎 #sweden #weuro2025 #WomensFootball #adidas,"sweden,weuro2025,womensfootball,adidas",6821492077018350597,adidas,75328,2724,54,13,104,user,adidas,2026-04-04 00:31:47,1775233907,,10748223,verified account,12,7220646509551978497,True,adidas
7522566754711686422,1751484064,PFW over and out 💋  #pfw #fashionweek #adidas ,"pfw,fashionweek,adidas",6821492077018350597,adidas,2704764,154033,1488,2090,11602,user,adidas,2026-04-04 00:31:47,1775233907,,10748223,verified account,8,7428967399708346369,True,adidas
7522506025006648598,1751469926,Jersey rotation hotter than whole of Europe right now 😮‍💨🔥 #weuro2025 #WomensFootball #adidas,"weuro2025,womensfootball,adidas",6821492077018350597,adidas,60571,2290,66,46,119,user,adidas,2026-04-04 00:31:52,1775233912,,10748384,verified account,11,7516666673882974209,True,adidas
7522418325289307414,1751449507,Stay on for the secret message 🤫 #ASMR #EVOSL #Running #adidas ,"asmr,evosl,running,adidas",6821492077018350597,adidas,111387,3772,94,113,207,user,adidas,2026-04-04 00:31:52,1775233912,,10748384,verified account,28,7522418317412338454,True,adidas
7522054294854503702,1751364750,that new boots feeling ✨😮‍💨#adidas #football #f50 #footballboots,"adidas,football,f50,footballboots",6821492077018350597,adidas,414829,27889,177,459,1144,user,adidas,2026-04-04 00:31:52,1775233912,,10748384,verified account,15,7379664282635044881,True,adidas
7521745451758914838,1751292838,can’t wait‼️🤩 🔜 ⚽️  #WEURO2025 #WomensFootball #switzerland  #adidas #football,"weuro2025,womensfootball,switzerland,adidas,football",6821492077018350597,adidas,70309,2729,66,36,83,user,adidas,2026-04-04 00:31:52,1775233912,,10748384,verified account,13,6991869730374027265,True,adidas
7521376925055454486,1751207036,You BETTER comment something nice 🥊 @Jash @Xóchitl Gómez #pfw #y3 #adidas ,"pfw,y3,adidas",6821492077018350597,adidas,428075,18591,298,154,932,user,adidas,2026-04-04 00:31:52,1775233912,,10748384,verified account,22,7521376918815394582,True,adidas
7521043144507526422,1751129321,I’m just here for Marcelo 🫶#timerchellange #fcbayern #intermiami #football #cwc #adidas,"timerchellange,fcbayern,intermiami,football,cwc,adidas",6821492077018350597,adidas,145429,9860,86,32,305,user,adidas,2026-04-04 00:31:52,1775233912,,10748384,verified account,37,7432590885215422480,True,adidas
7520977990201707798,1751114151,I want a Miss Emma shirt pls 🤌#emmachamberlain #pfw #adidas @emma chamberlain ,"emmachamberlain,pfw,adidas",6821492077018350597,adidas,277145,15656,61,90,271,user,adidas,2026-04-04 00:31:52,1775233912,,10748384,verified account,27,7378271864047781924,True,adidas
7520685182186261782,1751045977,Konni’s first try 🫣  #footballchallenge #bayern #football #adidas,"footballchallenge,bayern,football,adidas",6821492077018350597,adidas,82965,4289,55,32,110,user,adidas,2026-04-04 00:31:52,1775233912,,10748384,verified account,31,7142169219956738050,True,adidas
7520324096329059606,1750961903,no end to this man‘s talent 🌹#drawingchallenge #drose #basketball #adidas,"drawingchallenge,drose,basketball,adidas",6821492077018350597,adidas,76043,3697,45,30,153,user,adidas,2026-04-04 00:31:56,1775233916,,10748384,verified account,33,6988190007181887489,True,adidas
7519904727413361942,1750864262,,,6821492077018350597,adidas,344069,32294,591,10467,2578,user,adidas,2026-04-04 00:31:56,1775233916,,10748384,verified account,12,7424014547218565904,True,adidas
7519160240722529558,1750690924,day 1 of learning to talk Scouse🫣 #wirtz #football #adidas ,"wirtz,football,adidas",6821492077018350597,adidas,906021,79602,319,2586,4426,user,adidas,2026-04-04 00:31:56,1775233916,,10748384,verified account,27,7359121884964177936,True,adidas
7518097055064083734,1750443381,Yes now lad. 🫡👋 #wirtz #football #adidas @FloWirtz ,"wirtz,football,adidas",6821492077018350597,adidas,438798,67667,271,1639,2950,user,adidas,2026-04-04 00:31:56,1775233916,,10748384,verified account,6,7057561987849177089,True,adidas
7517326223714979074,1750263908,adidas followers = best followers 🫶 #sponsorme #lovemyfollowers  #adidas ,"sponsorme,lovemyfollowers,adidas",6821492077018350597,adidas,399166,17942,1942,65,425,user,adidas,2026-04-04 00:31:56,1775233916,,10748384,verified account,8,6850125286504138753,True,adidas
7516935761481059606,1750172997,these and coffee and yap 🤌#SummerFit #styleinspo #italia60s #adidas ,"summerfit,styleinspo,italia60s,adidas",6821492077018350597,adidas,89404,2250,66,46,115,user,adidas,2026-04-04 00:31:56,1775233916,,10748384,verified account,9,7376860019914459137,True,adidas
7516825097890581782,1750147238,"she gave us touch, she gave us boot, she gave us everything✨✨ #sparkfusion #vickylopez #football #adidas ","sparkfusion,vickylopez,football,adidas",6821492077018350597,adidas,634736,61781,316,2534,3814,user,adidas,2026-04-04 00:31:56,1775233916,,10748384,verified account,5,7390550062214793233,True,adidas
7516608655375060246,1750096836,can‘t stop won‘t stop can‘t stop won‘t stop #newkit #marcelo #realmadridfc #football #adidas ,"newkit,marcelo,realmadridfc,football,adidas",6821492077018350597,adidas,1154080,157101,725,3390,6723,user,adidas,2026-04-04 00:31:56,1775233916,,10748384,verified account,9,6704985044194166786,True,adidas
7516501052435303702,1750071786,who better to reveal than these two.🤫🔥  #realmadrid #bellingham #alaba #football #adidas ,"realmadrid,bellingham,alaba,football,adidas",6821492077018350597,adidas,2506555,289332,1603,19376,18602,user,adidas,2026-04-04 00:31:56,1775233916,,10748384,verified account,11,7276208464174188546,True,adidas
7516260907853368598,1750015869,full circle moment - tune in! #aitanabonmati #football #adidas,"aitanabonmati,football,adidas",6821492077018350597,adidas,329692,12577,153,110,700,user,adidas,2026-04-04 00:31:56,1775233916,,10748384,verified account,7,7424014547218565904,True,adidas
7516236954418072854,1750010292,always a good idea 🤌 @Aitana Bonmatí #coffeeandyap #football #adidas ,"coffeeandyap,football,adidas",6821492077018350597,adidas,77822,4192,63,50,229,user,adidas,2026-04-04 00:32:00,1775233920,,10748225,verified account,5,7358898427880982545,True,adidas
7516188247542861078,1749998952,Ginge wasn‘t having it anymore 😭  #reactionchallenge #football #adidas  @angryginge13 @Tobi Brown #rooney #vidic #joehart #vandersar,"reactionchallenge,football,adidas,rooney,vidic,joehart,vandersar",6821492077018350597,adidas,150476,5134,61,26,168,user,adidas,2026-04-04 00:32:00,1775233920,,10748225,verified account,45,6849761091099052034,True,adidas
7515745850673450262,1749895949,the crossover we needed 🙏@Roblox #roblox #gaming #adidas ,"roblox,gaming,adidas",6821492077018350597,adidas,124602,6046,116,172,373,user,adidas,2026-04-04 00:32:00,1775233920,,10748225,verified account,7,7458753955591522305,True,adidas
7515415385588501782,1749819006,"a friend & a ball, all you need 🤷‍♂️ @Aitana Bonmatí #football #adidas #ConSantanderConecto ","football,adidas,consantanderconecto",6821492077018350597,adidas,54431,2295,62,44,128,user,adidas,2026-04-04 00:32:00,1775233920,,10748225,verified account,9,7072513628145977346,True,adidas
7515343201310362902,1749802200,"no words, just 😮‍💨😮‍💨😮‍💨 #juventus #newkit #adidas #football","juventus,newkit,adidas,football",6821492077018350597,adidas,768110,54025,214,1948,3011,user,adidas,2026-04-04 00:32:00,1775233920,,10748225,verified account,25,7276580485231560705,True,adidas
7515127944864419094,1749752080,he’ll be best dressed for life now. 😎 #intermiamicf #benjacremaschi #newjersey #football #adidas ,"intermiamicf,benjacremaschi,newjersey,football,adidas",6821492077018350597,adidas,144883,8274,76,261,351,user,adidas,2026-04-04 00:32:00,1775233920,,10748225,verified account,12,7049341426308286465,True,adidas
7515062380024302870,1749736815,some early weekend advice 💯 #fyp #trending #adidas ,"fyp,trending,adidas",6821492077018350597,adidas,92364,4678,136,691,320,user,adidas,2026-04-04 00:32:00,1775233920,,10748225,verified account,15,7515062381817662230,True,adidas
7514968775179914518,1749715024,when did you know? #guessthejersey #newkit #football #adidas ,"guessthejersey,newkit,football,adidas",6821492077018350597,adidas,1638036,152397,1268,7665,7705,user,adidas,2026-04-04 00:32:00,1775233920,,10748225,verified account,0,7390827024250292241,True,adidas
7514742828681923862,1749662413,Hanging out with @Aitana Bonmatí >>> #bffs #football #adidas ,"bffs,football,adidas",6821492077018350597,adidas,88387,5631,70,92,327,user,adidas,2026-04-04 00:32:00,1775233920,,10748225,verified account,5,7358898427880982545,True,adidas
7514694931550702870,1749651264,"almost caught fire, had to cool it down in the pool. 🔥 #intermiamicf #newjersey #football #adidas ","intermiamicf,newjersey,football,adidas",6821492077018350597,adidas,101076,6339,88,131,233,user,adidas,2026-04-04 00:32:00,1775233920,,10748225,verified account,7,7141535305634433025,True,adidas
7514221136037694742,1749540951,10/10 no notes 🫡🔥 #bayernmunich #gnabry #newjersey #football #adidas ,"bayernmunich,gnabry,newjersey,football,adidas",6821492077018350597,adidas,658968,29132,368,1190,1499,user,adidas,2026-04-04 00:32:04,1775233924,,10748225,verified account,18,7416675044539861009,True,adidas
7513990452211715350,1749487239,Someone check on Caleb plz 😂 @NotCalebholt @Tk @ao @ognjensrzenticc #adidas #basketball #derrickrose ,"adidas,basketball,derrickrose",6821492077018350597,adidas,288096,10507,34,59,331,user,adidas,2026-04-04 00:32:04,1775233924,,10748225,verified account,21,7383467987283757072,True,adidas
7512848976010366250,1749221516,Notice anything new about me? ,,6806344638061511686,ilonamaher,234100,7855,134,64,128,user,adidas,2026-04-04 00:32:04,1775233924,OLYMPIC MEDALIST  USA Rugby Sevens #beastbeautybrains She/Her,3990993,Verified account,23,7512849074925341486,True,adidas
7512841950567927062,1749219831,they understood the assignment 💅 #realmadridfc #womenfootball #newjersey #football #adidas ,"realmadridfc,womenfootball,newjersey,football,adidas",6821492077018350597,adidas,590450,59140,291,345,3271,user,adidas,2026-04-04 00:32:04,1775233924,,10748225,verified account,12,7428967399708346369,True,adidas
7512743518545153302,1749196915,we make 🔥 jerseys 🤝 #realmadridfc #brahimdiaz #newjersey #football #adidas ,"realmadridfc,brahimdiaz,newjersey,football,adidas",6821492077018350597,adidas,5213601,678848,3524,13205,35905,user,adidas,2026-04-04 00:32:04,1775233924,,10748225,verified account,13,7415303838708025360,True,adidas
7512089142537374998,1749044556,Ryan is ready 🥸😮‍💨 @Lamine Yamal  #rfef #ryan #lamineyamal #football #adidas ,"rfef,ryan,lamineyamal,football,adidas",6821492077018350597,adidas,25303841,3045925,9114,138903,175260,user,adidas,2026-04-04 00:32:04,1775233924,,10748225,verified account,6,7512089122917747478,True,adidas
7511723280584232214,1748959373,a modern lovestory ❤️ #messi #🐐 #F50 #football #adidas ,"messi,🐐,f50,football,adidas",6821492077018350597,adidas,3825179,417580,4426,12509,24131,user,adidas,2026-04-04 00:32:04,1775233924,,10748225,verified account,16,7338246891996268546,True,adidas
7511417667568356630,1748888214,answering the important questions today #drose #tk #67 #basketball #adidas ,"drose,tk,67,basketball,adidas",6821492077018350597,adidas,655948,46964,307,3049,3136,user,adidas,2026-04-04 00:32:04,1775233924,,10748225,verified account,20,6754296959298701313,True,adidas
7511374197516422422,1748878093,how many did you guess? 🤔 #zverev #rolandgarros #tennis #adidas,"zverev,rolandgarros,tennis,adidas",6821492077018350597,adidas,313955,7897,43,70,318,user,adidas,2026-04-04 00:32:04,1775233924,,10748225,verified account,27,7359194360686954513,True,adidas
7511262241476381974,1748852030,Das melhores vistas que já vi.  🤩😮‍💨  #benfica #newjersey #bench10 #football #adidas,"benfica,newjersey,bench10,football,adidas",6821492077018350597,adidas,1907822,125232,370,4039,4874,user,adidas,2026-04-04 00:32:04,1775233924,,10748225,verified account,16,7491691987647055888,True,adidas
7510575839138860310,1748692211,real OG’s can name them all 😎 #ucl #championsleaguefinal #football #adidas ,"ucl,championsleaguefinal,football,adidas",6821492077018350597,adidas,129890,5986,123,36,301,user,adidas,2026-04-04 00:32:09,1775233929,,10748387,verified account,0,6741087015321749506,True,adidas
7510283519608769814,1748624149,pronounciation on point 🤷‍♂️ #georgerussell #mercedesamgf1 #f1 #adidas ,"georgerussell,mercedesamgf1,f1,adidas",6821492077018350597,adidas,1177554,227713,927,11191,15908,user,adidas,2026-04-04 00:32:09,1775233929,,10748387,verified account,28,7510283513037622038,True,adidas
7510222856714751254,1748610026,time for the big stage 🫡 #uclfinal #championsleague  #kvara #football #adidas ,"uclfinal,championsleague,kvara,football,adidas",6821492077018350597,adidas,814177,53568,693,1873,2304,user,adidas,2026-04-04 00:32:09,1775233929,,10748387,verified account,6,7397739530105210881,True,adidas
7509860801797213462,1748525727,sorry I’m busy ⚽️🤩 #uclfinal #championsleague #gameday #football #adidas ,"uclfinal,championsleague,gameday,football,adidas",6821492077018350597,adidas,1251280,27146,227,452,1446,user,adidas,2026-04-04 00:32:09,1775233929,,10748387,verified account,9,7031622571083466753,True,adidas
7509511599015726358,1748444423,when you give world champ energy and get it right back 🫶 @Aitana Bonmatí #brbcrying #football #adidas ,"brbcrying,football,adidas",6821492077018350597,adidas,140150,10849,84,177,748,user,adidas,2026-04-04 00:32:09,1775233929,,10748387,verified account,6,7330453498515982338,True,adidas
7508768315565804822,1748271366,how many did you guess? 🤨#learnertien #rolandgarros #tennis #adidas,"learnertien,rolandgarros,tennis,adidas",6821492077018350597,adidas,104203,2830,62,42,124,user,adidas,2026-04-04 00:32:09,1775233929,,10748387,verified account,19,7508768307906874135,True,adidas
7508694954982624534,1748254287,this man gets it 🙏 #zizou #zidane #ballislife #football #adidas ,"zizou,zidane,ballislife,football,adidas",6821492077018350597,adidas,4077053,147704,1533,4139,7626,user,adidas,2026-04-04 00:32:09,1775233929,,10748387,verified account,8,6863216032836749313,True,adidas
7507972416627395862,1748086055,ready for the big stage ⚽️😮‍💨#UWCL #asmr #football #adidas ,"uwcl,asmr,football,adidas",6821492077018350597,adidas,2028758,149886,432,3220,6445,user,adidas,2026-04-04 00:32:09,1775233929,,10748387,verified account,46,7507972397431393046,True,adidas
7507634541457050902,1748007385,can’t beat your own hometown ❤️#zverev #top5 #tennis #adidas,"zverev,top5,tennis,adidas",6821492077018350597,adidas,140998,3946,71,47,200,user,adidas,2026-04-04 00:32:09,1775233929,,10748387,verified account,37,7338246891996268546,True,adidas
7507380038023662870,1747948131,Bro always looks so comfy 😂 @Anthony Edwards  @Timberwolves #adidas #anthonyedwards #basketball ,"adidas,anthonyedwards,basketball",6821492077018350597,adidas,243028,6531,68,85,454,user,adidas,2026-04-04 00:32:13,1775233933,,10748228,verified account,0,7390550062214793233,True,adidas
7506928881773858070,1747843087,Döner ftw 🥙#zverev #thisorthat #tennis #adidas,"zverev,thisorthat,tennis,adidas",6821492077018350597,adidas,248781,9409,94,137,416,user,adidas,2026-04-04 00:32:13,1775233933,,10748228,verified account,33,7384291304685914128,True,adidas
7506569382043176214,1747759385,all good as long as I‘m running 💨 #runinng #treadmill  #runtok #trailrunning #adidas ,"runinng,treadmill,runtok,trailrunning,adidas",6821492077018350597,adidas,92495,2949,59,26,89,user,adidas,2026-04-04 00:32:13,1775233933,,10748228,verified account,6,7488001262270941185,True,adidas
7504921880902585622,1747375801,Woke up. Controlled the midfield. Won the league 🤷‍♂️ #pedrithings #conductor #football #adidas  ,"pedrithings,conductor,football,adidas",6821492077018350597,adidas,1007607,110583,1129,2696,7295,user,adidas,2026-04-04 00:32:13,1775233933,,10748228,verified account,8,7142169219956738050,True,adidas
7504648595426086166,1747312169,nothing but golden boots for @Alessia Russo this summer 😮‍💨 #bootsonlysummer #football #adidas ,"bootsonlysummer,football,adidas",6821492077018350597,adidas,93954,3527,67,62,126,user,adidas,2026-04-04 00:32:13,1775233933,,10748228,verified account,11,7362091076045588497,True,adidas
7504579815542918422,1747296154,hard launch perfection. 🙂‍↕️ #arsenal #newkit #martinelli #football #adidas,"arsenal,newkit,martinelli,football,adidas",6821492077018350597,adidas,602395,69962,729,2956,3065,user,adidas,2026-04-04 00:32:13,1775233933,,10748228,verified account,5,6817208513685620738,True,adidas
7504273046274952470,1747224729,special kit for a special occasion 😮‍💨 #ol #birthday #newkit #football #adidas ,"ol,birthday,newkit,football,adidas",6821492077018350597,adidas,157590,9524,143,203,474,user,adidas,2026-04-04 00:32:13,1775233933,,10748228,verified account,12,6754296959298701313,True,adidas
7504211944501529878,1747210505,"no dap, no kit. 🙂‍↕️ #juventus #newkit #perfectdap #andreacambiaso  #football #adidas ","juventus,newkit,perfectdap,andreacambiaso,football,adidas",6821492077018350597,adidas,2177585,271813,1271,15934,16201,user,adidas,2026-04-04 00:32:13,1775233933,,10748228,verified account,24,7485395044836198401,True,adidas
7503573653087472918,1747061889,"needed a nap, took a hiking trip instead 🤝🇮🇨🌅 #Hiking #Outdoors #trail #terrex #adidasterrex #adidas ","hiking,outdoors,trail,terrex,adidasterrex,adidas",6821492077018350597,adidas,109680,3244,81,32,131,user,adidas,2026-04-04 00:32:13,1775233933,,10748228,verified account,0,7333055007522129921,True,adidas
7502094982870863126,1746717607,my roman empire 😮‍💨#thisisthewholepoint❤️‍ #Outdoors #Hiking #terrex #adidas,"thisisthewholepoint❤️‍,outdoors,hiking,terrex,adidas",6821492077018350597,adidas,98928,2292,105,27,87,user,adidas,2026-04-04 00:32:13,1775233933,,10748228,verified account,17,6863216032836749313,True,adidas
7501720051918212374,1746630312,too fast for space 👽🚀 #spacetrip #adizeroproevo2 #Running #adidas  @Veljko ,"spacetrip,adizeroproevo2,running,adidas",6821492077018350597,adidas,83665,1509,71,28,55,user,adidas,2026-04-04 00:32:17,1775233937,,10748229,verified account,9,7167079997650241537,True,adidas
7501614638124092694,1746605773,from one legend to the next ✨ #flowirtz #xabialonso #adizero #football #adidas ,"flowirtz,xabialonso,adizero,football,adidas",6821492077018350597,adidas,2911395,204351,1120,3326,12162,user,adidas,2026-04-04 00:32:17,1775233937,,10748229,verified account,21,7359194360686954513,True,adidas
7501380801863372054,1746551324,this kind of support >>>  #yougotthis #ucl #football #adidas @Lamine Yamal ,"yougotthis,ucl,football,adidas",6821492077018350597,adidas,109358,7111,85,143,368,user,adidas,2026-04-04 00:32:17,1775233937,,10748229,verified account,0,7043672073613936641,True,adidas
7501040270834814230,1746472038,loml 😍 #hardenvol9 #hardlaunch #basketball #adidas,"hardenvol9,hardlaunch,basketball,adidas",6821492077018350597,adidas,115600,3611,71,135,201,user,adidas,2026-04-04 00:32:17,1775233937,,10748229,verified account,9,5000000001448892022,True,adidas
7500861440677514518,1746430409,that new kit feeling >>>>  #bayern #newkit #football #adidas ,"bayern,newkit,football,adidas",6821492077018350597,adidas,114016,6697,75,167,438,user,adidas,2026-04-04 00:32:17,1775233937,,10748229,verified account,9,6817429116187314177,True,adidas
7499777051398917398,1746177926,"Happy 5️⃣0️⃣th birthday, Becks 🤩❤️ #MUFC #ManUtd #Beckham #adidasFootball ","mufc,manutd,beckham,adidasfootball",6769222452972422149,manutd,820922,81170,443,841,3073,user,adidas,2026-04-04 00:32:17,1775233937,The home of Manchester United on TikTok 🔴,32416679,institution account,19,7499777048097852183,True,adidas
7499434117314923798,1746098077,I have the best phone @Lamine Yamal #starboy #football #adidas ,"starboy,football,adidas",6821492077018350597,adidas,178543,11790,180,784,689,user,adidas,2026-04-04 00:32:17,1775233937,,10748229,verified account,11,7463226409165031441,True,adidas
7499118354997792022,1746024559,which is your pick?🏀 @Ray #basketball #wallpapers #adidas ,"basketball,wallpapers,adidas",6821492077018350597,adidas,1442402,125971,488,954,3408,user,adidas,2026-04-04 00:32:17,1775233937,,10748229,verified account,13,6948849551356725249,True,adidas
7498754678772223254,1745939883,show me a better admin than … @Ray #bestadmin #adminreveal #adidas ,"bestadmin,adminreveal,adidas",6821492077018350597,adidas,1395241,188647,472,1616,7295,user,adidas,2026-04-04 00:32:17,1775233937,,10748229,verified account,5,6817143279088306177,True,adidas
7498657503694146838,1745917258,no I’m busy tonight ⚽️👀 #arsenal #myleslewisskelly #timber #UCL #adidas ,"arsenal,myleslewisskelly,timber,ucl,adidas",6821492077018350597,adidas,212132,21738,150,459,734,user,adidas,2026-04-04 00:32:17,1775233937,,10748229,verified account,6,6997838557607888898,True,adidas
7498406145460063510,1745858736,why would you even ask? 🫠 #godforbid #yomifkejelcha #Running #adidas ,"godforbid,yomifkejelcha,running,adidas",6821492077018350597,adidas,64827,1374,47,17,53,user,adidas,2026-04-04 00:32:21,1775233941,,10748390,verified account,8,7109518489232082945,True,adidas
7498358179307277590,1745847569,coldest drop of the year 🥶🥶🥶  @Mercedes-AMG F1 #formula1 #adidas  #georgerussell #antonelli #valtteribottas ,"formula1,adidas,georgerussell,antonelli,valtteribottas",6821492077018350597,adidas,63424,1694,41,43,117,user,adidas,2026-04-04 00:32:21,1775233941,,10748390,verified account,0,6755505385160869889,True,adidas
7497251302750096662,1745589851,wait for the last one 😮‍💨 #controlchallenge #football #fratessi #adidas ,"controlchallenge,football,fratessi,adidas",6821492077018350597,adidas,390387,15966,108,119,380,user,adidas,2026-04-04 00:32:21,1775233941,,10748390,verified account,24,7372590041754339329,True,adidas
7496879101387623702,1745503192,stick to the plan 🫡 #onlygoodgames #pedri #football #adidas,"onlygoodgames,pedri,football,adidas",6821492077018350597,adidas,1251329,143487,1213,10569,9385,user,adidas,2026-04-04 00:32:21,1775233941,,10748390,verified account,6,7496879089995893526,True,adidas
7496551283231296790,1745426865,chat what’s the winning hot dog build 🌭 ? #hotdog #MLB #baseball #adidas ,"hotdog,mlb,baseball,adidas",6821492077018350597,adidas,51157,928,26,13,41,user,adidas,2026-04-04 00:32:21,1775233941,,10748390,verified account,22,7359194360686954513,True,adidas
7494682059336633622,1744991652,you & who? 😭 #bff #anthonyedwards #nickmaddox #basketball #adidas ,"bff,anthonyedwards,nickmaddox,basketball,adidas",6821492077018350597,adidas,116263,5302,84,164,340,user,adidas,2026-04-04 00:32:21,1775233941,,10748390,verified account,14,7384291304685914128,True,adidas
7494294388475055382,1744901391,who hasnt built a snowman? Full doc of Ant x Nick dropping this friday 🍿 #documentary #anthonyedwards #nickmaddox #basketball #adidas ,"documentary,anthonyedwards,nickmaddox,basketball,adidas",6821492077018350597,adidas,57784,1050,48,12,48,user,adidas,2026-04-04 00:32:21,1775233941,,10748390,verified account,10,7494294369890044695,True,adidas
7493943489244302614,1744819691,can’t beat this. 😮‍💨🌊⛰️  #Hiking #terrex #adidas #naturetherapy,"hiking,terrex,adidas,naturetherapy",6821492077018350597,adidas,57864,1831,87,26,82,user,adidas,2026-04-04 00:32:21,1775233941,,10748390,verified account,9,7151153625711806465,True,adidas
7493555795401985302,1744729423,rate the photoshopped suit 1-10 😭 #yearbookchallenge #anthonyedwards #nickmaddox #basketball #adidas ,"yearbookchallenge,anthonyedwards,nickmaddox,basketball,adidas",6821492077018350597,adidas,225736,8696,120,79,580,user,adidas,2026-04-04 00:32:21,1775233941,,10748390,verified account,36,7493555793308994326,True,adidas
7492059957076954390,1744381147,relatable. 😶‍🌫️⛳️  #masters #augusta #golf #adidas,"masters,augusta,golf,adidas",6821492077018350597,adidas,95942,1105,81,29,43,user,adidas,2026-04-04 00:32:21,1775233941,,10748390,verified account,9,7492059938773797654,True,adidas
7491748125493841174,1744308542,crafted perfection 🔨#Minecraft #minecraftmovie #chickenjockey #adidas ,"minecraft,minecraftmovie,chickenjockey,adidas",6821492077018350597,adidas,5308711,448331,1195,49979,25580,user,adidas,2026-04-04 00:32:26,1775233946,,10748391,verified account,7,7491748105759755010,True,adidas
7491708343275359510,1744299280,#coolingstation #ice #snow #climacool #adidas,"coolingstation,ice,snow,climacool,adidas",6821492077018350597,adidas,95770,2657,91,35,289,user,adidas,2026-04-04 00:32:26,1775233946,,10748391,verified account,0,7357684869839538192,True,adidas
7490962447176600854,1744125613,the nicest guy will ruin your day on the court 😤 #carsenedwards #meangame #basketball #adidas ,"carsenedwards,meangame,basketball,adidas",6821492077018350597,adidas,173713,11472,84,325,454,user,adidas,2026-04-04 00:32:26,1775233946,,10748391,verified account,6,7490962436469213974,True,adidas
7490586128077049110,1744037994,could you find all of them? 🥸🔍  #adidas #terrex #findthe #game,"adidas,terrex,findthe,game",6821492077018350597,adidas,182991,5992,108,40,196,user,adidas,2026-04-04 00:32:26,1775233946,,10748391,verified account,0,6741102451971065858,True,adidas
7490182664754826518,1743944055,now she knows: 01:03:35 💨#fotyentesfayhaylu #berlinhalf #Running #adidas ,"fotyentesfayhaylu,berlinhalf,running,adidas",6821492077018350597,adidas,81727,3010,52,37,61,user,adidas,2026-04-04 00:32:26,1775233946,,10748391,verified account,10,7417834195890145297,True,adidas
7489117999979302166,1743696168,fastest merch in the game 💨 @Mercedes-AMG F1 #formula1 #unboxing #adidas #georgerussell #antonelli #valtteribottas ,"formula1,unboxing,adidas,georgerussell,antonelli,valtteribottas",6821492077018350597,adidas,168853,8762,109,430,792,user,adidas,2026-04-04 00:32:26,1775233946,,10748391,verified account,15,7362091076045588497,True,adidas
7488740576339315990,1743608293,which is crispier - shoes or nuggets? 😮‍💨 #mcdonaldsallamerican #thisorthat #basketball #adidas  #gilbertarenas #alijaharenas ,"mcdonaldsallamerican,thisorthat,basketball,adidas,gilbertarenas,alijaharenas",6821492077018350597,adidas,81350,2039,44,29,86,user,adidas,2026-04-04 00:32:26,1775233946,,10748391,verified account,27,7378273910033451049,True,adidas
7488364067455782166,1743520631,admin tried and failed 🥲 #rugby #ilonamaher #catchingchallenge #adidas ,"rugby,ilonamaher,catchingchallenge,adidas",6821492077018350597,adidas,83215,2847,55,64,96,user,adidas,2026-04-04 00:32:26,1775233946,,10748391,verified account,29,7384291304685914128,True,adidas
7486900943305411862,1743179969,@Ray the fit god #ray #basketball #challenge #adidas ,"ray,basketball,challenge,adidas",6821492077018350597,adidas,3131700,160710,750,2776,5541,user,adidas,2026-04-04 00:32:26,1775233946,,10748391,verified account,29,7447250599655917569,True,adidas
7486788891425443094,1743153881,"Mo Salah supporting the next gen, all the feels 🥹 #mosalah  #littlestars #football #adidas","mosalah,littlestars,football,adidas",6821492077018350597,adidas,540118,59906,658,1707,3554,user,adidas,2026-04-04 00:32:26,1775233946,,10748391,verified account,7,7286030227255592961,True,adidas
7486505856549391638,1743087983,all we need 🙂‍↕️🤩 #footballboots #predator #f50  #italy🇮🇹 #adidas ,"footballboots,predator,f50,italy🇮🇹,adidas",6821492077018350597,adidas,164792,9136,84,146,479,user,adidas,2026-04-04 00:32:30,1775233950,,10748395,verified account,9,7358898427880982545,True,adidas
7485782792547208470,1742919631,,,6821492077018350597,adidas,151309,1817,52,55,94,user,adidas,2026-04-04 00:32:30,1775233950,,10748395,verified account,25,7485782787770993430,True,adidas
7483816554543484182,1742461831,he understood the assignment 🥸⚽️ #predator #raulgonzalez #football #adidas ,"predator,raulgonzalez,football,adidas",6821492077018350597,adidas,138590,2882,133,73,141,user,adidas,2026-04-04 00:32:30,1775233950,,10748395,verified account,15,6817306569852585985,True,adidas
7482828026447695126,1742231669,could say it’s a 🐐 pull up @James Harden #gamedayfit #hardenvol9 #basketball #adidas,"gamedayfit,hardenvol9,basketball,adidas",6821492077018350597,adidas,331286,33536,226,1839,1983,user,adidas,2026-04-04 00:32:30,1775233950,,10748395,verified account,0,7106816806072879106,True,adidas
7482700795335560470,1742202057,celebrating 125 years of football greatness. all in one jersey 😮‍💨 #dfb #julebrand #football #adidas ,"dfb,julebrand,football,adidas",6821492077018350597,adidas,131422,6000,67,149,319,user,adidas,2026-04-04 00:32:30,1775233950,,10748395,verified account,10,6992137610009298946,True,adidas
7480972547836693782,1741799659,Your favorite hoopers favorite hoop shoe 🏀😮‍💨 #adidas #basketball #AE1 #AnthonyEdwards ,"adidas,basketball,ae1,anthonyedwards",6821492077018350597,adidas,608961,22243,113,407,1177,user,adidas,2026-04-04 00:32:30,1775233950,,10748395,verified account,12,6925866025142241282,True,adidas
7480587034487278870,1741709899,could you guess the last one? 🤔👀 #adidas #basketball #JamesHarden #Harden,"adidas,basketball,jamesharden,harden",6821492077018350597,adidas,1702041,74940,208,1119,3618,user,adidas,2026-04-04 00:32:30,1775233950,,10748395,verified account,30,7104743452155480078,True,adidas
7480210669611044118,1741622270,rate the assist 😮‍💨 & rate the finish 🙃 #sidemencharitymatch #thebeautifulgame #football #adidas  ,"sidemencharitymatch,thebeautifulgame,football,adidas",6821492077018350597,adidas,43983680,4467923,21277,131172,232088,user,adidas,2026-04-04 00:32:30,1775233950,,10748395,verified account,37,7277602986661283842,True,adidas
7480106002407345430,1741597903,"hello again, Liverpool ❤️  01.08.25",,6821492077018350597,adidas,1886486,200049,636,5284,8335,user,adidas,2026-04-04 00:32:30,1775233950,,10748395,verified account,0,7257596656530409474,True,adidas
7479469131864083714,1741449617,SDMN FC vs ALL STARS. who you got??? #predator #f50 #SDMNCharityMatch #sidemen #charitymatch #thisorthat #football #adidas ,"predator,f50,sdmncharitymatch,sidemen,charitymatch,thisorthat,football,adidas",6821492077018350597,adidas,1346343,64312,268,520,2336,user,adidas,2026-04-04 00:32:30,1775233950,,10748395,verified account,21,7106816806072879106,True,adidas
7479397911617424662,1741433034,Passing the phone to our WNBA fam 📞 💜 #IWD #IWD2025 #WNBA #adidas ,"iwd,iwd2025,wnba,adidas",6821492077018350597,adidas,161536,3142,71,58,91,user,adidas,2026-04-04 00:32:34,1775233954,,10748235,verified account,45,7479397916508031766,True,adidas
7478726680874323222,1741276751,found the best spot 🤩 #leomessi #clubworldcup #football #adidas ,"leomessi,clubworldcup,football,adidas",6821492077018350597,adidas,365148,30266,355,1541,2297,user,adidas,2026-04-04 00:32:34,1775233954,,10748235,verified account,11,7146290607604893697,True,adidas
7478684654711704854,1741266967,That third one tho…. 🤏🏼#declanrice #golfchallenge #adidas ,"declanrice,golfchallenge,adidas",6821492077018350597,adidas,113886,2956,47,36,126,user,adidas,2026-04-04 00:32:34,1775233954,,10748235,verified account,40,7321982819954395909,True,adidas
7478355753103805718,1741190387,"wear it or frame it, hard to choose 🥸 #weuro2025 #italy🇮🇹 #azzurre #football #adidas ","weuro2025,italy🇮🇹,azzurre,football,adidas",6821492077018350597,adidas,109240,3686,88,121,223,user,adidas,2026-04-04 00:32:34,1775233954,,10748235,verified account,14,6817352705275611137,True,adidas
7477976174577192214,1741102011,this is a safe place  #football #declanrice #meditation #adidas ,"football,declanrice,meditation,adidas",6821492077018350597,adidas,105860,4896,195,127,301,user,adidas,2026-04-04 00:32:34,1775233954,,10748235,verified account,11,7477976168280918806,True,adidas
7477652388548054294,1741026623,Shoes to the moon 🌚 #nasa #spacetok #avavav #adidas ,"nasa,spacetok,avavav,adidas",6821492077018350597,adidas,124275,2963,94,179,148,user,adidas,2026-04-04 00:32:34,1775233954,,10748235,verified account,6,7332699691665213441,True,adidas
7477245980086242582,1740932000,Sorry was busy #ghosting #avavav #mfw #adidas ,"ghosting,avavav,mfw,adidas",6821492077018350597,adidas,114588,3341,74,129,168,user,adidas,2026-04-04 00:32:34,1775233954,,10748235,verified account,8,7394844087696033809,True,adidas
7476828453761781014,1740834785,the best sight in Tokyo right now 😍🇯🇵 #adidas #Running #adizeroadiospro4 #marathon #marathonrunner ,"adidas,running,adizeroadiospro4,marathon,marathonrunner",6821492077018350597,adidas,183069,2781,103,93,160,user,adidas,2026-04-04 00:32:34,1775233954,,10748235,verified account,6,6895811481653266433,True,adidas
7476494313292123414,1740756989,From 0 to fast in seconds 😮‍💨 #adidas #evosl #Running #runningshoes ,"adidas,evosl,running,runningshoes",6821492077018350597,adidas,134583,3821,88,122,190,user,adidas,2026-04-04 00:32:34,1775233954,,10748235,verified account,7,7447705472469469201,True,adidas
7476192747150429462,1740686772,it just might do the trick ✨☺️ #adidas #tatemcrae #mcrae,"adidas,tatemcrae,mcrae",6821492077018350597,adidas,164594,3437,116,258,435,user,adidas,2026-04-04 00:32:34,1775233954,,10748235,verified account,8,7145458039426910210,True,adidas
7476059117983993110,1740655661,🥳 𝓗𝓪𝓹𝓹𝔂 𝓑𝓲𝓻𝓽𝓱𝓭𝓪𝔂 to us! 🎈 #FCBayern125 ,fcbayern125,6661306660004773894,fcbayern,483508,40636,357,1065,1725,user,adidas,2026-04-04 00:32:37,1775233957,🔴 𝗢𝗿𝗶𝗴𝗶𝗻𝗮𝗹𝘀 𝘀𝗶𝗻𝗰𝗲 𝟭𝟵𝟬𝟬 ⚪️,27606743,verified account,6,7413608708486285313,True,adidas
7475371993349508374,1740495678,we need that. ☀️⚽️🔜 #weuro2025 #Summer #football #adidas ,"weuro2025,summer,football,adidas",6821492077018350597,adidas,147495,9774,119,405,533,user,adidas,2026-04-04 00:32:37,1775233957,,10748395,verified account,10,7402290827332339729,True,adidas
7472820363907353878,1739901579,son is all I need ☀️#heungminson #football #adidas ,"heungminson,football,adidas",6821492077018350597,adidas,182364,14378,445,979,1011,user,adidas,2026-04-04 00:32:37,1775233957,,10748395,verified account,8,7296136277207730178,True,adidas
7472669677999705366,1739866502,can’t wait for this summer 🤩 #weuro2025 #jerseys #adidas #football  ,"weuro2025,jerseys,adidas,football",6821492077018350597,adidas,117553,3483,95,574,317,user,adidas,2026-04-04 00:32:37,1775233957,,10748395,verified account,16,7423291709603514385,True,adidas
7472081500985494806,1739729551,elite colorway for @James Harden #nbaallstar #basketballshoes #adidas ,"nbaallstar,basketballshoes,adidas",6821492077018350597,adidas,201695,5033,179,190,330,user,adidas,2026-04-04 00:32:37,1775233957,,10748395,verified account,12,7347758257412573186,True,adidas
7471470219827989782,1739587250,NBA AllStar weekend gift for the luckiest admin #damianlillard #dametime #basketballshoes #adidas ,"damianlillard,dametime,basketballshoes,adidas",6821492077018350597,adidas,245869,14918,129,610,791,user,adidas,2026-04-04 00:32:37,1775233957,,10748395,verified account,9,7376187573305542695,True,adidas
7471309670712380694,1739549843,which one is your fav? #MLS #footballjersey #football  #adidas ,"mls,footballjersey,football,adidas",6821492077018350597,adidas,87836,2479,122,44,156,user,adidas,2026-04-04 00:32:37,1775233957,,10748395,verified account,8,6768783634754177025,True,adidas
7470212226612284705,1739294334,wdym why?? 😐 @Lena Gercke @eva ★  #shouldibuyit #gymwear #adidas ,"shouldibuyit,gymwear,adidas",6821492077018350597,adidas,80264,2010,53,16,63,user,adidas,2026-04-04 00:32:37,1775233957,,10748395,verified account,6,5000000001448892022,True,adidas
7469713759972396320,1739178291,can’t wait 😮‍💨🤩 @Champions League #uclfinal  #matchball #football #adidas ,"uclfinal,matchball,football,adidas",6821492077018350597,adidas,332336,28120,257,615,2161,user,adidas,2026-04-04 00:32:37,1775233957,,10748395,verified account,7,7320903967197382657,True,adidas
7469485873759866145,1739125235,@Tk with a surprising answer 👀 #patrickmahomes #SuperBowl #basketball #adidas,"patrickmahomes,superbowl,basketball,adidas",6821492077018350597,adidas,1040738,120054,800,4250,9425,user,adidas,2026-04-04 00:32:42,1775233962,,10748237,verified account,19,7469485994434251552,True,adidas
7468741206969748769,1738951834,European basketball fans >>>> #belgradederby #euroleague #euroleaguebasketball #adidas ,"belgradederby,euroleague,euroleaguebasketball,adidas",6821492077018350597,adidas,83652,1882,50,51,100,user,adidas,2026-04-04 00:32:42,1775233962,,10748237,verified account,21,7468741254571297568,True,adidas
7468704097538002208,1738943226,@Noah Lyles dropping some wisdom for yall 🤔 #motivationalquote #y3 #adidas ,"motivationalquote,y3,adidas",6821492077018350597,adidas,55407,1192,52,22,51,user,adidas,2026-04-04 00:32:42,1775233962,,10748237,verified account,8,7288226217396242433,True,adidas
7468345728604179745,1738859752,fastest elevator in the business - welcome to the /// fam @Mercedes-AMG F1 💨🤝 #KimiAntonelli #GeorgeRussell #valtteribottas #Formula1 #adidas,"KimiAntonelli,GeorgeRussell,valtteribottas,Formula1,adidas",6821492077018350597,adidas,922153,121986,467,5553,6359,user,adidas,2026-04-04 00:32:42,1775233962,,10748237,verified account,7,7423291709603514385,True,adidas
7468228871779880224,1738832561,just needed a little bit of this and a little bit of that 🔨✨ #ucl #uclfinal #matchball #womenfootball #adidas ,"ucl,uclfinal,matchball,womenfootball,adidas",6821492077018350597,adidas,742848,85056,250,2506,5005,user,adidas,2026-04-04 00:32:42,1775233962,,10748237,verified account,0,7367459206423283729,True,adidas
7465005368553262369,1738082040,must be the boots (and Trent)🥸 #trentalexanderarnold #minigoal #football #adidas ,"trentalexanderarnold,minigoal,football,adidas",6821492077018350597,adidas,1119027,93000,236,1139,2862,user,adidas,2026-04-04 00:32:42,1775233962,,10748237,verified account,25,7426813628643280897,True,adidas
7464321290887810337,1737922742,Manifested it #Y3 #fashionweek #sneakers #manifesting #adidas ,"y3,fashionweek,sneakers,manifesting,adidas",6821492077018350597,adidas,78411,2059,106,73,116,user,adidas,2026-04-04 00:32:42,1775233962,,10748237,verified account,5,7464321339697564448,True,adidas
7462755729682730272,1737558228,@Davide Frattesi knows 🥸🔥 #predator #F50 #thisorthat #football #adidas ,"predator,f50,thisorthat,football,adidas",6821492077018350597,adidas,269334,15581,138,171,684,user,adidas,2026-04-04 00:32:42,1775233962,,10748237,verified account,13,7417834223601747969,True,adidas
7460940515391966496,1737135597,new side hustle for @James Harden 🤌 #fashiondesigner #jamesharden #basketball #adidas ,"fashiondesigner,jamesharden,basketball,adidas",6821492077018350597,adidas,121908,5469,186,49,214,user,adidas,2026-04-04 00:32:42,1775233962,,10748237,verified account,17,7460940584925743905,True,adidas
7460587362129546528,1737053361,Vol 9 is a 10 @James Harden #hardenshoes #basketball #adidas ,"hardenshoes,basketball,adidas",6821492077018350597,adidas,267570,15544,507,267,971,user,adidas,2026-04-04 00:32:42,1775233962,,10748237,verified account,0,7265977955342649346,True,adidas
7459798708943654177,1736869743,free merch is the best merch 🤌 @ALBA BERLIN #basketball #giveaway #surprise #adidas ,"basketball,giveaway,surprise,adidas",6821492077018350597,adidas,146511,8848,117,94,280,user,adidas,2026-04-04 00:32:47,1775233967,,10748238,verified account,36,7338121444402677761,True,adidas
7452754955229793569,1735229740,Doctor Google plz help 🕵️🔍 #doctorgoogle #2am #superstars #adidas ,"doctorgoogle,2am,superstars,adidas",6821492077018350597,adidas,180884,4216,1817,90,221,user,adidas,2026-04-04 00:32:47,1775233967,,10748238,verified account,6,7452754968576101153,True,adidas
7450167585716325665,1734627320,I found my missing piece 🥲 #puzzletok #frogcore #adidas,"puzzletok,frogcore,adidas",6821492077018350597,adidas,197139,6017,1138,53,177,user,adidas,2026-04-04 00:32:47,1775233967,,10748238,verified account,7,6817443879541803010,True,adidas
7449444856998497569,1734459047,"name a better crossover, I’ll wait 😎 #arsenal #arsenalfc #basketball #football #adidas ","arsenal,arsenalfc,basketball,football,adidas",6821492077018350597,adidas,515575,47320,645,412,1251,user,adidas,2026-04-04 00:32:47,1775233967,,10748238,verified account,21,7361751926449735696,True,adidas
7448635644164918560,1734270641,@Travis Hunter has that secret sauce 🔥  #heismanwinner #americanfootball #adidas ,"heismanwinner,americanfootball,adidas",6821492077018350597,adidas,120132,3419,474,33,158,user,adidas,2026-04-04 00:32:47,1775233967,,10748238,verified account,5,7448635682513570592,True,adidas
7446855398277025057,1733856142,@Rafael Leão’s #1 nutrition secret👆 #strictdiet #football #aruku #adidas ,"1,strictdiet,football,aruku,adidas",6821492077018350597,adidas,513749,56909,531,2296,2168,user,adidas,2026-04-04 00:32:47,1775233967,,10748238,verified account,7,7234222652599846914,True,adidas
7445321225812954401,1733498942,I have 12 favs 🫠🫠 #wantthemall  #predator #footballtiktok #footballcleats #adidas copyright: The adidas Archive / Studio Waldeck,"wantthemall,predator,footballtiktok,footballcleats,adidas",6821492077018350597,adidas,298790,18915,1198,249,1022,user,adidas,2026-04-04 00:32:47,1775233967,,10748238,verified account,0,7129770285099681793,True,adidas
7444973579667557664,1733417995,Shiny shoes for my shiny personality 💅 #slay #sl72 #sneakertok #adidas ,"slay,sl72,sneakertok,adidas",6821492077018350597,adidas,229583,5122,289,613,659,user,adidas,2026-04-04 00:32:47,1775233967,,10748238,verified account,6,7345590198675015682,True,adidas
7442368191084514593,1732811396,I broke a leg while watching 😵‍💫#fullspeed #fiveten #mtb #adidas ,"fullspeed,fiveten,mtb,adidas",6821492077018350597,adidas,232337,17460,1022,648,1294,user,adidas,2026-04-04 00:32:47,1775233967,,10748238,verified account,33,7442368263746620192,True,adidas
7441256185610702112,1732552481,rate my editing skills 1-10🦞 @AVAVAV #lobstertok #superfingersuperstar #adidasoriginals #adidas ,"lobstertok,superfingersuperstar,adidasoriginals,adidas",6821492077018350597,adidas,272850,8033,1496,520,453,user,adidas,2026-04-04 00:32:47,1775233967,,10748238,verified account,11,6886882532927752193,True,adidas
7439806804390956321,1732215015,fam is iced out 💎#kaleenasmith #goldchain #basketball #adidas ,"kaleenasmith,goldchain,basketball,adidas",6821492077018350597,adidas,183799,4905,1079,92,331,user,adidas,2026-04-04 00:32:51,1775233971,,10748399,verified account,10,7103728508862253058,True,adidas
7434545726815767840,1730990079,best followers in the world #adidas ,adidas,6821492077018350597,adidas,1091616,42683,50927,591,2170,user,adidas,2026-04-04 00:32:51,1775233971,,10748399,verified account,0,7223826568140654594,True,adidas
7431647781263019297,1730315347,how many did you get right? 🤔#realorcake #F50 #football #adidas ,"realorcake,f50,football,adidas",6821492077018350597,adidas,1709099,105559,3368,675,3505,user,adidas,2026-04-04 00:32:51,1775233971,,10748399,verified account,23,7021206401636632577,True,adidas
7430855844562062625,1730130960,sound on 🔈🔈 #asmr #customization #adidascountry #adidasoriginals #adidas ,"asmr,customization,adidascountry,adidasoriginals,adidas",6821492077018350597,adidas,178344,3758,373,43,188,user,adidas,2026-04-04 00:32:51,1775233971,,10748399,verified account,26,7430861039123680033,True,adidas
7429781519675264289,1729880840,alright alright alright 🏈 @Amon-Ra @Garrett Wilson #romeodunze #davidnjoku  #youladiesalright #americanfootball #adidas,"romeodunze,davidnjoku,youladiesalright,americanfootball,adidas",6821492077018350597,adidas,4738178,498519,3798,39052,22815,user,adidas,2026-04-04 00:32:51,1775233971,,10748399,verified account,12,7429781605478189856,True,adidas
7428698632808910111,1729628703,Are the AE 1 the best shoe in the game? Believe That.,,6750998991260025862,theanthonyedwards_,724735,117746,451,6776,9215,user,adidas,2026-04-04 00:32:51,1775233971,#DIFM2,1322558,Verified account,79,7428698596671064862,True,adidas
7428612933996924192,1729608743,serving bangers on the side 👨‍🍳 #joskogvardiol #gvardiol #football #adidas ,"joskogvardiol,gvardiol,football,adidas",6821492077018350597,adidas,559615,50542,357,3548,3487,user,adidas,2026-04-04 00:32:51,1775233971,,10748399,verified account,10,7428612979753863968,True,adidas
7428228558012615968,1729519247,"name a better duo, I‘ll wait  #messi #badbunny #adidasgazelle #adidas ","messi,badbunny,adidasgazelle,adidas",6821492077018350597,adidas,2005690,399134,1465,45795,20167,user,adidas,2026-04-04 00:32:51,1775233971,,10748399,verified account,0,7146290607604893697,True,adidas
7426781245775858976,1729182263,i dont trust chatgpt ,,6821492077018350597,adidas,80247,2341,77,81,133,user,adidas,2026-04-04 00:32:55,1775233975,,10748399,verified account,10,7146290607604893697,True,adidas
7423842331343736096,1728497996,who beats him? 🏀#popashot #donovanmitchell #basketball #adidas  @Spida  @DICKS Sporting Goods ,"popashot,donovanmitchell,basketball,adidas",6821492077018350597,adidas,178873,3514,105,33,160,user,adidas,2026-04-04 00:32:55,1775233975,,10748399,verified account,43,7423842462299409185,True,adidas
7413035340442766625,1725981804,🐐 of putting the ball on the line #lindadallmann #sarahzadrazil #fcbayernfrauen #football #adidas ,"lindadallmann,sarahzadrazil,fcbayernfrauen,football,adidas",6821492077018350597,adidas,205544,5021,57,37,203,user,adidas,2026-04-04 00:32:55,1775233975,,10748399,verified account,22,7358825785349818369,True,adidas
7411815557999103264,1725697794,new season loading… 💪🏻1️⃣4️⃣✨,,7242737733856248858,aitanabonmati,441270,15459,180,143,775,user,adidas,2026-04-04 00:32:55,1775233975,Football player,458212,Verified account,13,7411815570255219489,True,adidas
7405994100182289696,1724342381,"very demure, very cutesy #sonheungmin #f50 #footballtiktok #adidas ","sonheungmin,f50,footballtiktok,adidas",6821492077018350597,adidas,2326270,132578,706,3641,8955,user,adidas,2026-04-04 00:32:55,1775233975,,10748399,verified account,6,7405994114925644577,True,adidas
7405545990150737184,1724238050,what are they doing? wrong answers only 🫠💨 #f50 #adidas #footballtiktok ,"f50,adidas,footballtiktok",6821492077018350597,adidas,554464,55776,238,347,2179,user,adidas,2026-04-04 00:32:55,1775233975,,10748399,verified account,19,6925530699730520065,True,adidas
7400044179172101409,1722957056,only medals allowed 🥇#bouncerlife #ethankatzberg #hammerthrow #paris2024 #olympics #adidas,"bouncerlife,ethankatzberg,hammerthrow,paris2024,olympics,adidas",6821492077018350597,adidas,421736,34795,141,115,1084,user,adidas,2026-04-04 00:32:55,1775233975,,10748399,verified account,12,7369748632092690448,True,adidas
7399716709889772832,1722880809,maybe I did the edit 🫠#genzedit #paris2024 #olympics #adidas ,"genzedit,paris2024,olympics,adidas",6821492077018350597,adidas,78213,1580,47,21,96,user,adidas,2026-04-04 00:32:55,1775233975,,10748399,verified account,11,7399716725150403361,True,adidas
7399670067933236512,1722869952,your favorite hoopers favorite hooper #paris2024 #olympics #basketball #adidas,"paris2024,olympics,basketball,adidas",6821492077018350597,adidas,2008351,230197,1001,11977,17032,user,adidas,2026-04-04 00:32:55,1775233975,,10748399,verified account,35,7399670085382785825,True,adidas
7399246503069486369,1722771336,what admin wants admin gets 💁‍♀️ #paris2024 #olympictiktok #olympicvillage #muffins #muffinman #adidas ,"paris2024,olympictiktok,olympicvillage,muffins,muffinman,adidas",6821492077018350597,adidas,262910,12988,98,115,368,user,adidas,2026-04-04 00:32:55,1775233975,,10748399,verified account,10,6817660123272448001,True,adidas
7397811248487861536,1722437165,how many did you get? 🤔 #joskogvardiol #bernardosilva #julianalvarez #guessthesport #paris2024 #adidas ,"joskogvardiol,bernardosilva,julianalvarez,guessthesport,paris2024,adidas",6821492077018350597,adidas,102216,4429,40,59,240,user,adidas,2026-04-04 00:32:58,1775233978,,10748239,verified account,51,6817660123272448001,True,adidas
7397439183033224481,1722350535,"show me a better fist bump, I‘ll wait @Kieranreilly_bmx #paris2024 #olympian #adidas ","paris2024,olympian,adidas",6821492077018350597,adidas,57759,1984,27,16,68,user,adidas,2026-04-04 00:32:58,1775233978,,10748239,verified account,5,7221233629049047041,True,adidas
7397065463269707041,1722263521,It‘s number 5 🏎️ @Noah Lyles #guessthescream  #paris2024 #olympian #trackandfield #adidas ,"guessthescream,paris2024,olympian,trackandfield,adidas",6821492077018350597,adidas,270008,13073,1731,455,899,user,adidas,2026-04-04 00:32:58,1775233978,,10748239,verified account,11,7397065475034762016,True,adidas
7396638430324641056,1722164094,who would beat them? 🎾🎾@Felix Auger-Aliassime #mariasakkari #tennisballchallenge #olympics2024 #tennis #adidas ,"mariasakkari,tennisballchallenge,olympics2024,tennis,adidas",6821492077018350597,adidas,72430,2321,29,24,113,user,adidas,2026-04-04 00:32:58,1775233978,,10748239,verified account,17,7396638439335037729,True,adidas
7396284061637004577,1722081591,at least he know how to hit them 🎾 @Stefanos Tsitsipas @Olympics #paris2024 #olympian #adidas ,"paris2024,olympian,adidas",6821492077018350597,adidas,88549,3673,28,7,118,user,adidas,2026-04-04 00:32:58,1775233978,,10748239,verified account,25,6817144078740752386,True,adidas
7396000245085261089,1722015507,two weeks to step up ur french game 🇫🇷 #frenchlessons #LanguageLearning #paris2024 #adidas ,"frenchlessons,languagelearning,paris2024,adidas",6821492077018350597,adidas,66735,1849,37,36,95,user,adidas,2026-04-04 00:32:58,1775233978,,10748239,verified account,57,7396000297741798177,True,adidas
7395949036483759392,1722003583,just bellingham things #jude #belligol #adidas ,"jude,belligol,adidas",6821492077018350597,adidas,3906234,540742,3548,48037,40472,user,adidas,2026-04-04 00:32:58,1775233978,,10748239,verified account,12,6777237779509151746,True,adidas
7391028884474547489,1720858028,guess what he wished for 🫣 @Lamine Yamal  #lamineyamal #happybirthday #euro24 #eurosummer #rfef #adidas ,"lamineyamal,happybirthday,euro24,eurosummer,rfef,adidas",6821492077018350597,adidas,60543826,7313678,61014,360354,579559,user,adidas,2026-04-04 00:32:58,1775233978,,10748239,verified account,37,7391028951444917024,True,adidas
7389255554092322081,1720445136,Gaston 🇫🇷 = kick ups 🎾🐐 #footballskills #tennis #adidas,"footballskills,tennis,adidas",6821492077018350597,adidas,259831,9263,80,47,430,user,adidas,2026-04-04 00:32:58,1775233978,,10748239,verified account,38,7318793564287174658,True,adidas
7387435228362476833,1720021307,Pinpoint accuracy on and off the pitch 🎯🎯🎯 #raphinha #pingpongchallenge #football #adidas ,"raphinha,pingpongchallenge,football,adidas",6821492077018350597,adidas,155656,6582,55,81,390,user,adidas,2026-04-04 00:32:58,1775233978,,10748239,verified account,21,7210522031870183426,True,adidas
7386370599863520545,1719773426,Mr last minute goal at your service #belligol #bellingham #EURO2024 #adidas,"belligol,bellingham,euro2024,adidas",6821492077018350597,adidas,1097867,127443,416,2327,11956,user,adidas,2026-04-04 00:33:02,1775233982,,10748238,verified account,15,7386370626660961057,True,adidas
7386313564279082272,1719760149,can’t leave these two alone 🫠 @Lamine Yamal @Pedri González  #euros #eurosummer #rfef #spain🇪🇸 #spaingoals #adidas ,"euros,eurosummer,rfef,spain🇪🇸,spaingoals,adidas",6821492077018350597,adidas,1943614,270102,654,8923,27604,user,adidas,2026-04-04 00:33:02,1775233982,,10748238,verified account,21,7386313601101155105,True,adidas
7386225571774221601,1719739663,call me if u need a clinical finisher @dfb #Neuer #EURO2024 #adidas ,"neuer,euro2024,adidas",6821492077018350597,adidas,299167,17057,113,110,1180,user,adidas,2026-04-04 00:33:02,1775233982,,10748238,verified account,11,7386225618091772705,True,adidas
7385950837144636705,1719675700,watch & learn from the master @FloWirtz #skillmoves #EURO2024 #DFB #adidas,"skillmoves,euro2024,dfb,adidas",6821492077018350597,adidas,863807,54351,117,995,7305,user,adidas,2026-04-04 00:33:02,1775233982,,10748238,verified account,12,7221233629049047041,True,adidas
7385523339332160800,1719576161,Calafiori 🫶🥰 #EURO2024 #FIGC #adidas,"euro2024,figc,adidas",6821492077018350597,adidas,882539,80376,485,3238,4467,user,adidas,2026-04-04 00:33:02,1775233982,,10748238,verified account,14,7210843430833653762,True,adidas
7385206391746743585,1719502368,Who’s beating this adidas all Euros squad? 😮‍💨 #adidas #startingeleven #EURO2024,"adidas,startingeleven,euro2024",6821492077018350597,adidas,462890,41598,757,636,2486,user,adidas,2026-04-04 00:33:02,1775233982,,10748238,verified account,0,7376261765824940048,True,adidas
7384135986663476513,1719253142,*a wild Donnarumma appeared* 🫨 #adidas #forzaazzurri #football #gianluigidonnarumma,"adidas,forzaazzurri,football,gianluigidonnarumma",6821492077018350597,adidas,287880,22113,137,151,1482,user,adidas,2026-04-04 00:33:02,1775233982,,10748238,verified account,15,7384136026396691233,True,adidas
7384041492601408801,1719231164,Would you have guessed all of them? 👀💇‍♂️ #guesstheplayer #euros2024 #bernardosilva #julianalvarez #joskogvardiol #adidas,"guesstheplayer,euros2024,bernardosilva,julianalvarez,joskogvardiol,adidas",6821492077018350597,adidas,5118666,318127,642,1393,13280,user,adidas,2026-04-04 00:33:02,1775233982,,10748238,verified account,35,7291359995307640833,True,adidas
7383374509329386784,1719075844,Y-3 🤝 JFA #footballjersey #footballkits #jfa #y3 #parisfashionweek #adidasoriginals,"footballjersey,footballkits,jfa,y3,parisfashionweek,adidasoriginals",6821492077018350597,adidas,97328,2712,57,32,139,user,adidas,2026-04-04 00:33:02,1775233982,,10748238,verified account,10,7383374544096037665,True,adidas
7382143844353166625,1718789318,🐐 just has ball rizz #messi  #goat🐐 #messigoat #copaamerica #kickups⚽️ #adidas ,"messi,goat🐐,messigoat,copaamerica,kickups⚽️,adidas",6821492077018350597,adidas,1591937,292096,1462,4251,17530,user,adidas,2026-04-04 00:33:02,1775233982,,10748238,verified account,16,7382143903815715617,True,adidas
7381872828003487009,1718726208,where’s my callup?  #EURO2024 #getmeontheteam #DFB #adidas  @FloWirtz @Thomas Müller ,"euro2024,getmeontheteam,dfb,adidas",6821492077018350597,adidas,944487,91204,143,326,4076,user,adidas,2026-04-04 00:33:06,1775233986,,10748239,verified account,44,7381872895913397025,True,adidas
7378903386990710048,1718034834,4 days to go - who‘s practicing their german 📚@Selección española #euros2024 #football #adidas ,"euros2024,football,adidas",6821492077018350597,adidas,3332771,232368,863,8267,17013,user,adidas,2026-04-04 00:33:06,1775233986,,10748239,verified account,15,7378903427315616545,True,adidas
7376710084820340000,1717524165,Dinner‘s served 🍽️ #Running  #runnersknow #DinnerIdeas #someonecookedhere #adidas,"running,runnersknow,dinnerideas,someonecookedhere,adidas",6821492077018350597,adidas,126571,4191,38,81,196,user,adidas,2026-04-04 00:33:06,1775233986,,10748239,verified account,8,7082107453462038530,True,adidas
7376663137203801376,1717513235,no end to this man’s talents 🤯  @Thomas Müller  #asmr #football #f50 #müller ,"asmr,football,f50,müller",6821492077018350597,adidas,208809,12790,51,228,743,user,adidas,2026-04-04 00:33:06,1775233986,,10748239,verified account,8,7292983468472076289,True,adidas
7376292683377151265,1717426982,@Tom Daley with a special message,,6821492077018350597,adidas,67306,2355,21,17,111,user,adidas,2026-04-04 00:33:06,1775233986,,10748239,verified account,8,7376292730135235361,True,adidas
7375945140281658657,1717346062,Who do you have winning the finals?  #basketball #celtics #mavericks #adidas ,"basketball,celtics,mavericks,adidas",6821492077018350597,adidas,73023,2077,21,16,97,user,adidas,2026-04-04 00:33:06,1775233986,,10748239,verified account,23,7286102793843738626,True,adidas
7374440739469610273,1716995793,@Thomas Müller showing who’s boss #fcbayern #football #adidas ,"fcbayern,football,adidas",6821492077018350597,adidas,311578,20984,44,60,748,user,adidas,2026-04-04 00:33:06,1775233986,,10748239,verified account,43,6849761091099052034,True,adidas
7371838952761724192,1716390015,Top 1 is 🤤👌 #adidas #tsitsipas #greekfood,"adidas,tsitsipas,greekfood",6821492077018350597,adidas,232617,9742,137,353,386,user,adidas,2026-04-04 00:33:06,1775233986,,10748239,verified account,30,6804329020126136321,True,adidas
7370756754860248353,1716138046,blink and you’ll miss it 😮‍💨💨 #messi #f50 #football ,"messi,f50,football",6821492077018350597,adidas,2196705,193678,1090,1306,9838,user,adidas,2026-04-04 00:33:06,1775233986,,10748239,verified account,12,7370756789849361185,True,adidas
7369502259878661408,1715845971,how fast did you guess this time ? 🥵 #footballjersey #footballkits  #adidas #arsenal ,"footballjersey,footballkits,adidas,arsenal",6821492077018350597,adidas,1018289,76710,1066,1941,3989,user,adidas,2026-04-04 00:33:06,1775233986,,10748239,verified account,0,7145154069236041729,True,adidas
7364417436524809504,1714662059,freshhh challenge served 👅🍋 #adidas #football #WomensFootball ,"adidas,football,womensfootball",6821492077018350597,adidas,236972,22100,113,463,1634,user,adidas,2026-04-04 00:33:09,1775233989,,10748238,verified account,23,7296136277207730178,True,adidas
7363319943267487009,1714406532,🔑 to ❤️ @Xóchitl Gómez #adidas,adidas,6821492077018350597,adidas,130837,7522,53,103,339,user,adidas,2026-04-04 00:33:09,1775233989,,10748238,verified account,10,7295929147070269441,True,adidas
7361449351127764256,1713970996,Did you guess any of them? 👀🎾 #adidas #tennis #osorio,"adidas,tennis,osorio",6821492077018350597,adidas,86283,2229,36,33,88,user,adidas,2026-04-04 00:33:09,1775233989,,10748238,verified account,30,7361449375127702304,True,adidas
7360029441625558304,1713640399,Higher stakes. Lower shoes. @Anthony Edwards #AE1 #BelieveThat #adidas ,"AE1,BelieveThat,adidas",6821492077018350597,adidas,99057,4285,62,130,292,user,adidas,2026-04-04 00:33:09,1775233989,,10748238,verified account,31,7360029498586827553,True,adidas
7358850671434583329,1713365945,would you have found all of them? 👀🤔 #adidas #tennis #challenge #tsitsipas ,"adidas,tennis,challenge,tsitsipas",6821492077018350597,adidas,349334,15633,42,111,492,user,adidas,2026-04-04 00:33:09,1775233989,,10748238,verified account,26,7358850742461008672,True,adidas
7358495573458079009,1713283266,‼️Closed‼️ Winner to be announced soon  1. Follow adidas  2. Comment on this post 3. Will pick one comment with 0 likes (first I find) and we’ll send you the signed shoes #harden8 #basketball #adidas ,"harden8,basketball,adidas",6821492077018350597,adidas,132079,6397,3850,47,291,user,adidas,2026-04-04 00:33:09,1775233989,,10748238,verified account,0,7286102793843738626,True,adidas
7357047307331800352,1712946067,Treated myself #fearofgod #adidas ,"fearofgod,adidas",6821492077018350597,adidas,193236,12443,66,111,452,user,adidas,2026-04-04 00:33:09,1775233989,,10748238,verified account,8,7295721511724615681,True,adidas
7356625459519442209,1712847846,Ludvig Åberg = 🍌🥜🥪⛳️🏆⚽️🏀🏈 #ludvigåberg #adidas #top3,"ludvigåberg,adidas,top3",6821492077018350597,adidas,67826,1673,6,49,103,user,adidas,2026-04-04 00:33:09,1775233989,,10748238,verified account,31,7356625489760570145,True,adidas
7354065144005070113,1712251728,YouTube 🤝 reading 🤝 working out #RoseZhang #top3 #adidas,"rosezhang,top3,adidas",6821492077018350597,adidas,98533,1431,43,3,66,user,adidas,2026-04-04 00:33:09,1775233989,,10748238,verified account,31,7354065171276466976,True,adidas
7353291473749806368,1712071592,at least get a new pack smh #powdereddonuts #adidas ,"powdereddonuts,adidas",6821492077018350597,adidas,116756,6379,31,23,153,user,adidas,2026-04-04 00:33:09,1775233989,,10748238,verified account,13,7353291488123456289,True,adidas
7352914081042435360,1711983722,adidas admin was generous 🤫#kounde #y3 #adidasoriginals ,"kounde,y3,adidasoriginals",6821492077018350597,adidas,1025660,81265,182,430,2491,user,adidas,2026-04-04 00:33:13,1775233993,,10748240,verified account,10,7352914092611423009,True,adidas
7351446045852798241,1711641924,fit checks are fit checking 😮‍💨 #alaba #y3 #adidasoriginals ,"alaba,y3,adidasoriginals",6821492077018350597,adidas,155359,7293,38,48,275,user,adidas,2026-04-04 00:33:13,1775233993,,10748240,verified account,9,6817306305766639617,True,adidas
7351124719204158753,1711567106,🤫! Pedri’s talking #pedri #predator #spain #football ,"pedri,predator,spain,football",6821492077018350597,adidas,1564953,233001,662,5289,22003,user,adidas,2026-04-04 00:33:13,1775233993,,10748240,verified account,52,7351124753398123297,True,adidas
7350746631421103392,1711479073,5️⃣0️⃣ caps and many more to come ☝️ #declanrice #football #adidas ,"declanrice,football,adidas",6821492077018350597,adidas,204153,14650,87,74,457,user,adidas,2026-04-04 00:33:13,1775233993,,10748240,verified account,17,7221233629049047041,True,adidas
7350334805348814113,1711383192,sound on 🔈#asmr #adidasoriginals #samba ,"asmr,adidasoriginals,samba",6821492077018350597,adidas,4627333,235149,1263,6786,10321,user,adidas,2026-04-04 00:33:13,1775233993,,10748240,verified account,26,7350334842464783136,True,adidas
7348863669490568480,1711040665,the last one tho 🫣😵 #kvaratskhelia #predator #adidas #football ,"kvaratskhelia,predator,adidas,football",6821492077018350597,adidas,6539024,483319,1338,2101,19385,user,adidas,2026-04-04 00:33:13,1775233993,,10748240,verified account,36,7348863702483831584,True,adidas
7348127922944822560,1710869362,volume 8’s ftw 🙌🙌 #top3 #basketball #adidas ,"top3,basketball,adidas",6821492077018350597,adidas,171569,9178,62,65,344,user,adidas,2026-04-04 00:33:13,1775233993,,10748240,verified account,27,7348127953083140896,True,adidas
7346213331679726880,1710423585,a work of art 😮‍💨 #footballjersey #EURO2024 #adidas,"footballjersey,euro2024,adidas",6821492077018350597,adidas,1290937,151657,1221,888,9696,user,adidas,2026-04-04 00:33:13,1775233993,,10748240,verified account,0,7299763084615714818,True,adidas
7345910275700264225,1710353025,here for the 50 pt game 🏀#aliyahboston #top3 #basketball #adidas ,"aliyahboston,top3,basketball,adidas",6821492077018350597,adidas,127193,1565,25,12,68,user,adidas,2026-04-04 00:33:13,1775233993,,10748240,verified account,39,7345910307686730528,True,adidas
7345558787803155744,1710271188,pregame nap ftw 🙌#candaceparker #top3 #basketball #adidas,"candaceparker,top3,basketball,adidas",6821492077018350597,adidas,18348,122,5,0,6,user,adidas,2026-04-04 00:33:13,1775233993,,10748240,verified account,27,7345558816657017632,True,adidas
7345557715466358048,1710270936,pregame nap ftw 🙌 #candaceparker #top3 #basketball #adidas,"candaceparker,top3,basketball,adidas",6821492077018350597,adidas,90990,1020,16,8,45,user,adidas,2026-04-04 00:33:17,1775233997,,10748239,verified account,27,7345557735404260128,True,adidas
7342232150315453729,1709496645,trying to find out what he can’t do - will keep looking… #lamineyamal #football #adidas,"lamineyamal,football,adidas",6821492077018350597,adidas,14588806,1141440,2112,7673,60663,user,adidas,2026-04-04 00:33:17,1775233997,,10748239,verified account,8,7291363788900861953,True,adidas
7341119545001692448,1709237593,did we count right? #parisfashionweek #pfw #sl72 #adidasoriginals ,"parisfashionweek,pfw,sl72,adidasoriginals",6821492077018350597,adidas,164403,2939,49,143,269,user,adidas,2026-04-04 00:33:17,1775233997,,10748239,verified account,13,7320403755933124609,True,adidas
7339948575218093344,1708964958,matching sweatpants ✨💕👌 #MiaFishel #top3 #adidas,"miafishel,top3,adidas",6821492077018350597,adidas,73204,3221,27,10,95,user,adidas,2026-04-04 00:33:17,1775233997,,10748239,verified account,33,7339948598295481120,True,adidas
7338813066055929121,1708700577,peanuts 🥜🚫🙅‍♀️ #catarinamacario #top3 #football #adidas,"catarinamacario,top3,football,adidas",6821492077018350597,adidas,71437,2415,24,16,106,user,adidas,2026-04-04 00:33:17,1775233997,,10748239,verified account,40,7338818248424606496,True,adidas
7337765550543752481,1708456681,mission achieved 🫡 #casemiro #football #adidas,"casemiro,football,adidas",6821492077018350597,adidas,196805,19594,78,67,591,user,adidas,2026-04-04 00:33:17,1775233997,,10748239,verified account,21,7065500231323879425,True,adidas
7337392478464658720,1708369820,beautifuuuul ✨ #martinelli #top3 #football #adidas,"martinelli,top3,football,adidas",6821492077018350597,adidas,164433,19390,209,247,898,user,adidas,2026-04-04 00:33:17,1775233997,,10748239,verified account,39,7337392506625870625,True,adidas
7336972931567815969,1708272138,No olives 🚩🚩🚩 #trinityrodman #top3 #football #adidas,"trinityrodman,top3,football,adidas",6821492077018350597,adidas,81578,3553,30,31,197,user,adidas,2026-04-04 00:33:17,1775233997,,10748239,verified account,35,7336972964145318688,True,adidas
7336609383347948833,1708187491,how many did you get ? 👀 #MLS #adidasfootball #nwsl ,"mls,adidasfootball,nwsl",6821492077018350597,adidas,50176,1301,29,9,66,user,adidas,2026-04-04 00:33:17,1775233997,,10748239,verified account,24,6974476420022011905,True,adidas
7335125909881638176,1707842094,"🛑 giveaway over, winner announced in story 🛑 #UCL #matchball #adidas","UCL,matchball,adidas",6821492077018350597,adidas,1325189,115512,56638,384,6540,user,adidas,2026-04-04 00:33:17,1775233997,,10748239,verified account,0,6925866025142241282,True,adidas
