video_id,create_time_ts,caption_raw,hashtags,author_id,author_username,view_count,like_count,comment_count,share_count,save_count,source_type,source_query,crawled_at,crawled_at_ts,author_signature,author_follower_count,author_verified,video_duration_sec,music_id,has_music,brand
7620435394307362061,1774270929,Fitted to take on the world. Nike 2026 National Team Collections are here.,,7481436802697839659,nikefootball,169944,9259,453,242,563,user,nike,2026-04-04 00:24:49,1775233489,2026 National Team Jerseys Now Collection on Nike.com,319628,verified account,33,7620435526106368782,True,nike
7619907559977258253,1774148014,You reap what you score. Kevin Durant becomes the 5th All-Time leading scorer in NBA history.,,208464585232822272,nike,259934,7056,169,186,225,user,nike,2026-04-04 00:24:49,1775233489,Just Do It.,8330113,verified account,30,7619907680144640782,True,nike
7619368753360293133,1774022541,"Master the fundamentals, dominate the court. Unlock the key to the forehand with tennis pro @Alex Eala ",,208464585232822272,nike,328343,22746,224,1939,1425,user,nike,2026-04-04 00:24:49,1775233489,Just Do It.,8330113,verified account,40,7619368760557816590,True,nike
7618579588926524686,1773838837,Oh no...LEGO® Minifigures snuck into the Nike Air Max lab again. 🫧😑 Available March 28.,,208464585232822272,nike,430319,33159,197,2663,2443,user,nike,2026-04-04 00:24:49,1775233489,Just Do It.,8330113,verified account,20,7618579773958261518,True,nike
7618336096694406414,1773782108,"Mute the gallery.  Introducing Nike Powerbeats Pro 2, the ultimate fitness earbuds. The first-ever Beats x Nike collab — where premium sound meets unbeatable stability.  No advice required.",,208464585232822272,nike,292814,22527,150,1638,1647,user,nike,2026-04-04 00:24:49,1775233489,Just Do It.,8330113,verified account,30,7618336110933969678,True,nike
7616854537873263885,1773437155,Bienvenidos al lado oscuro del futbol.,,208464585232822272,nike,7822129,78516,225,2323,1788,user,nike,2026-04-04 00:24:49,1775233489,Just Do It.,8330113,verified account,8,7616854537738996493,True,nike
7616846563947695374,1773435302,Bienvenidos al lado oscuro del futbol.,,208464585232822272,nike,2800071,5828,66,91,224,user,nike,2026-04-04 00:24:49,1775233489,Just Do It.,8330113,verified account,8,7616846575034845965,True,nike
7616048457354136846,1773249503,"Your distance, your pace, your night. See you at the finish. Tap the link in bio to get notified.",,208464585232822272,nike,120167,2149,122,199,87,user,nike,2026-04-04 00:24:49,1775233489,Just Do It.,8330113,verified account,0,7615733824005163790,True,nike
7614216233545649422,1772822881,For Aaron Pike & Oksana Masters: tough roads make for tougher racers. #MilanoCortina2026 #Paralympics,"milanocortina2026,paralympics",208464585232822272,nike,93761,1054,61,36,43,user,nike,2026-04-04 00:24:49,1775233489,Just Do It.,8330113,verified account,35,7614216242726963981,True,nike
7613824653349506318,1772731756,A’spectacle.  The City of Lights shines brighter in the A’Two.,,208464585232822272,nike,77708,1610,66,101,107,user,nike,2026-04-04 00:24:49,1775233489,Just Do It.,8330113,verified account,29,7613824835394833166,True,nike
7613585530093161759,1772676031,"@Alex Eala: Full time professional tennis player, part time Nike PHK campus tour guide.",,208464585232822272,nike,129977,8642,160,420,384,user,nike,2026-04-04 00:24:53,1775233493,Just Do It.,8329762,verified account,97,7613585572786883359,True,nike
7612937724747631902,1772525256,A new icon takes center stage. The A’Two available May two.,,208464585232822272,nike,80267,4729,56,109,196,user,nike,2026-04-04 00:24:53,1775233493,Just Do It.,8329762,verified account,23,7612937825700350751,True,nike
7611313628892908814,1772147062,@A’ja Wilson has been and forever will be a bucket 🪣,,208464585232822272,nike,68589,3973,80,137,190,user,nike,2026-04-04 00:24:53,1775233493,Just Do It.,8329762,verified account,78,7611313645716507405,True,nike
7608598942757948686,1771515038,If @laila edwards can do it? You can do it.  #MilanoCortina2026 #Olympics,"milanocortina2026,olympics",208464585232822272,nike,58843,1325,59,40,72,user,nike,2026-04-04 00:24:53,1775233493,Just Do It.,8329762,verified account,32,7608599091048352525,True,nike
7608532738693532941,1771499716,Mic check. Quick-fire questions with: @Laurie Hernandez  @Michelle Wie West  Auston Matthews Scout Bassett @Beatriz Hatz  @Anna Cockrell  @Romane Dicko  @Rayssaleal👑  @PaolaEgonu_official  #MilanoCortina2026 #Olympics,"milanocortina2026,olympics",208464585232822272,nike,50382,869,35,61,69,user,nike,2026-04-04 00:24:53,1775233493,Just Do It.,8329762,verified account,57,7608533221348838158,True,nike
7608267590447729934,1771437888,@frigouscigous 🤝 making figure skating look like a piece of art. #MilanoCortina2026 #Olympics,"milanocortina2026,olympics",208464585232822272,nike,60915,4501,36,109,370,user,nike,2026-04-04 00:24:53,1775233493,Just Do It.,8329762,verified account,17,7608267754658925325,True,nike
7607588202412592398,1771279692,Future 2 bright.  The Future Game took over The Shaw and showed LA that this next gen is not here to play. #nbaallstarweekend ,nbaallstarweekend,208464585232822272,nike,42466,1123,40,35,76,user,nike,2026-04-04 00:24:53,1775233493,Just Do It.,8329762,verified account,46,7607588300542577421,True,nike
7607370681583553805,1771229101,"We brought our summer stars @Laurie Hernandez @Michelle Wie West @Madison Hammond @Rayssaleal👑 to the Winter Games to answer some cold questions, delivered via the tiniest three-wheeled monster in Milan. #MilanoCortina2026 #Olympics","milanocortina2026,olympics",208464585232822272,nike,46725,1100,34,30,71,user,nike,2026-04-04 00:24:53,1775233493,Just Do It.,8329762,verified account,104,7607371016301447949,True,nike
7607354231959457038,1771225237,From the mountains to Milano. How you'll find us commuting to hockey 🏒 #MilanoCortina2026 #Olympics,"milanocortina2026,olympics",208464585232822272,nike,39408,1357,33,47,60,user,nike,2026-04-04 00:24:53,1775233493,Just Do It.,8329762,verified account,27,7607354438252120846,True,nike
7607184134183603470,1771185604,Fun day with Young Corey and Circulate for the Crenshaw Court Takeover Skills Challenge. 🤳 Tony Huffnagle,,208464585232822272,nike,67848,2006,31,27,65,user,nike,2026-04-04 00:24:53,1775233493,Just Do It.,8329762,verified account,22,7607184177545005837,True,nike
7606395739983318285,1771002026,"No one knows LA Hoops like The Shaw - just ask the OG’s that have been around since the jump.  We’re pulling up to Crenshaw High for NBA All-Star to celebrate hoops, community, and the love of the game.  Stay tuned.",,208464585232822272,nike,31114,918,45,73,65,user,nike,2026-04-04 00:24:57,1775233497,Just Do It.,8330113,verified account,28,7606395706236078862,True,nike
7605608320178638093,1770818755,Setbacks don't slow @Chloe Kim down. She just ups the pace in her pursuit for a third Olympic gold. #MilanoCortina2026 #Olympics,"milanocortina2026,olympics",208464585232822272,nike,30437,787,52,15,41,user,nike,2026-04-04 00:24:57,1775233497,Just Do It.,8330113,verified account,15,7605608549741284110,True,nike
7604819019836706061,1770634994,"Living this fast isn’t luck. Speed like this has invoices, and @Jutta Leerdam paid it in full. #MilanoCortina2026 #Olympics","milanocortina2026,olympics",208464585232822272,nike,45638,1243,40,32,63,user,nike,2026-04-04 00:24:57,1775233497,Just Do It.,8330113,verified account,24,7604819110974802702,True,nike
7604704592885976333,1770608287,Sweet sweet victory.,,208464585232822272,nike,171785,21289,230,2093,1479,user,nike,2026-04-04 00:24:57,1775233497,Just Do It.,8330113,verified account,30,7604704650884844301,True,nike
7604574518371224845,1770578009,Cut the cameras!  If you need that exclusive ask @Cee @Kayvon Thibodeaux or Ja'Marr. ,,208464585232822272,nike,32705,791,23,9,48,user,nike,2026-04-04 00:24:57,1775233497,Just Do It.,8330113,verified account,36,7604574594636892942,True,nike
7603829060321430798,1770404456,If you’re going to San Francisco… Super Bowl is back in The Bay.  #SuperBowlLX,superbowllx,208464585232822272,nike,49861,3650,60,51,126,user,nike,2026-04-04 00:24:57,1775233497,Just Do It.,8330113,verified account,28,7603829209349884686,True,nike
7603689761072532750,1770372069,What does Sara Takanashi see? Normal hill (322ft) Large hill (420ft) Then she does both.  #MilanoCortina2026 #Olympics ,"milanocortina2026,olympics",208464585232822272,nike,55288,1409,25,52,63,user,nike,2026-04-04 00:24:57,1775233497,Just Do It.,8330113,verified account,14,7603689990405409549,True,nike
7603412933711826189,1770307539,"For Chaeun Lee, it’s mind over mountain. #MilanoCortina2026 #Olympics ","milanocortina2026,olympics",208464585232822272,nike,27896,827,35,18,35,user,nike,2026-04-04 00:24:57,1775233497,Just Do It.,8330113,verified account,20,7603412909439355662,True,nike
7603024964001811725,1770217212,Grind 🤝 Grace. All in a day’s work for Team USA figure skater Alysa Liu [@frigouscigous]. #MilanoCortina2026 #Olympics #TeamUSA,"milanocortina2026,olympics,teamusa",208464585232822272,nike,585976,70119,79,600,4468,user,nike,2026-04-04 00:24:57,1775233497,Just Do It.,8330113,verified account,21,7603024990065167118,True,nike
7602685190166547725,1770138136,EXPERIMENT:  OPPONENT EMPATHY DIAGNOSTIC Brought to you by Nike Mind: A MIND-ALTERING SHOE. Restocks coming soon.,,208464585232822272,nike,31584,1036,30,22,50,user,nike,2026-04-04 00:24:57,1775233497,Just Do It.,8330113,verified account,43,7602685288300825358,True,nike
7602663234352598286,1770133036,Paris day or NikeSKIMS night. feat: @Romane Dicko @Gonçalo Ramos @Neffah Twins @senada.greca @Jackie @Keely @sakinakarchaoui @MJ Bonnin @Rouguy Diallo @Vini Jr. ,,208464585232822272,nike,26913,676,24,36,39,user,nike,2026-04-04 00:25:01,1775233501,Just Do It.,8330114,verified account,33,7602663352564714254,True,nike
7602283870922329357,1770044663,"Nature isn’t boring, you’re just not wild enough. Welcome to All Conditions Gear. ",,208464585232822272,nike,30115,914,34,46,73,user,nike,2026-04-04 00:25:01,1775233501,Just Do It.,8330114,verified account,30,7602283807735073550,True,nike
7600581959235947831,1769648425,@Aryna Sabalenka plays to win 😤,,208464585232822272,nike,54151,1218,67,50,79,user,nike,2026-04-04 00:25:01,1775233501,Just Do It.,8330114,verified account,45,7600582040299375373,True,nike
7600525445607542047,1769635357,prov,,208464585232822272,nike,4021,68,4,3,3,user,nike,2026-04-04 00:25:01,1775233501,Just Do It.,8330114,verified account,15,7600525899083025183,True,nike
7600211777267272991,1769562211,"Before his next match, you'll catch @Jannik Sinner prepping with a power nap",,208464585232822272,nike,107878,2782,61,184,213,user,nike,2026-04-04 00:25:01,1775233501,Just Do It.,8330114,verified account,42,7600211776017271583,True,nike
7600120798161980703,1769541031,Learn the choreo featured in NikeSKIMS’ Spring `26 campaign alongside our dancers. Launching February 5. @LISA,,208464585232822272,nike,2528429,203903,682,3159,14172,user,nike,2026-04-04 00:25:01,1775233501,Just Do It.,8330114,verified account,25,7599953511186451230,True,nike
7599948408773725471,1769500900,"The NikeSKIMS Spring ’26 Collection, featuring @LISA, arrives February 5.",,208464585232822272,nike,7291893,1163934,10794,71539,89365,user,nike,2026-04-04 00:25:01,1775233501,Just Do It.,8330114,verified account,60,7599953511186451230,True,nike
7599716342559788319,1769446860,EXPERIMENT: INKBLOT VISUALIZATION Brought to you by Nike Mind: A MIND-ALTERING SHOE. Restocks coming soon.,,208464585232822272,nike,146301,3147,50,57,122,user,nike,2026-04-04 00:25:01,1775233501,Just Do It.,8330114,verified account,31,7599716362562407199,True,nike
7598943390260055351,1769266940,"Another homecoming, another blowout for Nigo. Want in? Just say the password at the door: “NIGO AF3.""",,208464585232822272,nike,95329,716,40,30,50,user,nike,2026-04-04 00:25:01,1775233501,Just Do It.,8330114,verified account,21,7598943594606643982,True,nike
7598697133893537037,1769209577,@Amanda A.’s match prep in Melbourne? Ice cold 🧊,,208464585232822272,nike,75294,1227,46,30,88,user,nike,2026-04-04 00:25:01,1775233501,Just Do It.,8330114,verified account,39,7598697215963482894,True,nike
7598603142611193101,1769187722,EXPERIMENT: BRAIN WAVE ANALYSIS Brought to you by Nike Mind: A MIND-ALTERING SHOE.,,208464585232822272,nike,49917,983,42,34,50,user,nike,2026-04-04 00:25:06,1775233506,Just Do It.,8329764,verified account,51,7598603352389225230,True,nike
7598247071690411319,1769104805,From anywhere? From PHK 😏  @Caitlin Clark ,,208464585232822272,nike,59937,2285,59,28,92,user,nike,2026-04-04 00:25:06,1775233506,Just Do It.,8329764,verified account,0,6692683186809359108,True,nike
7597953472956255501,1769036422,The calm before the storm. @Naomi Osaka 大坂なおみ’s pregame mindset is shaped by meditation and music,,208464585232822272,nike,41089,825,44,21,52,user,nike,2026-04-04 00:25:06,1775233506,Just Do It.,8329764,verified account,59,7597953565272853262,True,nike
7596983969778781453,1768810732,"A tournament for the ages. After 33 days as the Chief Flair Officer, Jay Jay Okocha has something to say, while Africa had something to show.",,7481436802697839659,nikefootball,38446714,64448,199,1700,3648,user,nike,2026-04-04 00:25:06,1775233506,2026 National Team Jerseys Now Collection on Nike.com,321139,verified account,42,7596984175006092087,True,nike
7596846263430171918,1768778633,He is No. 1 on the court… but is @Carlos Alcaraz 🧠❤️🥚🥚 No. 1 at this game we just made up? ,,208464585232822272,nike,123767,7092,48,204,479,user,nike,2026-04-04 00:25:06,1775233506,Just Do It.,8329764,verified account,51,7596846311559777079,True,nike
7596447985253256503,1768685898,POV: How’s your backhand? ,,208464585232822272,nike,111898,11875,175,910,450,user,nike,2026-04-04 00:25:06,1775233506,Just Do It.,8329764,verified account,42,7596448024030284558,True,nike
7595264498655563022,1768410336,EXPERIMENT: UNDERFOOT SENSATION Brought to you by Nike Mind: A MIND-ALTERING SHOE.,,208464585232822272,nike,218230,13082,126,903,970,user,nike,2026-04-04 00:25:06,1775233506,Just Do It.,8329764,verified account,45,7595264428937841463,True,nike
7593779172053404942,1768064520,Nike Mind: A MIND-ALTERING SHOE. *Results may vary.  **Restocks coming soon.,,208464585232822272,nike,594565,37230,290,3980,3095,user,nike,2026-04-04 00:25:06,1775233506,Just Do It.,8329764,verified account,39,7593779251690769207,True,nike
7589295248749235470,1767020559,Eventually everyone needs a professional. The Nike Book 2. Launching January 2nd.,,208464585232822272,nike,241000,4188,243,145,204,user,nike,2026-04-04 00:25:06,1775233506,Just Do It.,8329764,verified account,45,7589295420011727630,True,nike
7588212202927033614,1766768368,"Big shots, trick shots, mini shots. When @Caitlin Clark said from anywhere, she meant it.",,208464585232822272,nike,276311,16684,173,353,546,user,nike,2026-04-04 00:25:06,1775233506,Just Do It.,8329764,verified account,9,7588212203807984439,True,nike
7587811642650545421,1766675114,@Caitlin Clark is proof that you can make it From Anywhere,,208464585232822272,nike,15658714,21871,278,945,1170,user,nike,2026-04-04 00:25:09,1775233509,Just Do It.,8330115,verified account,46,7587811690868263694,True,nike
7585310134667169037,1766092654,Easier said than done 😏,,208464585232822272,nike,241416,11629,150,363,487,user,nike,2026-04-04 00:25:09,1775233509,Just Do It.,8330115,verified account,30,7556620967227017985,True,nike
7584749407552146702,1765962103,"When football calls, Jay-Jay Okocha aka the Chief Flair Officer answers. Game’s gone? Nah, it’s all here. Show dem.  Jay-Jay Okocha @Ismael Saibari  @RASH  Obafemi Martins @Right to Dream  @freda_ayy  @Appie  @Omarfreestyle🇹🇳  @جيمى الحريف ⚽️gameyfreestyle  #NikeFootball #showdem","NikeFootball,showdem",7481436802697839659,nikefootball,4602507,6680,98,364,505,user,nike,2026-04-04 00:25:09,1775233509,2026 National Team Jerseys Now Collection on Nike.com,319628,verified account,75,7584749365772815118,True,nike
7581238618354666765,1765144700,"Mud, sweat, and tears.  #NXN #crosscountry #xc #Running","nxn,crosscountry,xc,running",208464585232822272,nike,118401,2706,123,59,355,user,nike,2026-04-04 00:25:09,1775233509,Just Do It.,8330115,verified account,27,7581238694200265486,True,nike
7581179220550864142,1765130869,This is the glory that guts gets you.  #NXN #crosscountry #xc #Running ,"nxn,crosscountry,xc,running",208464585232822272,nike,81099,1614,51,25,47,user,nike,2026-04-04 00:25:09,1775233509,Just Do It.,8330115,verified account,42,7581179313698671373,True,nike
7577451982932249911,1764263052,The Vaporposites are oﬃcially served. Now let’s eat.,,208464585232822272,nike,128880,3206,160,192,213,user,nike,2026-04-04 00:25:09,1775233509,Just Do It.,8330115,verified account,30,7577452081930439479,True,nike
7577421994795322637,1764256094,A moment we wish we could replay again and again PinkPantheress at After Dark Tour London. @😘🙈☺️ ,,208464585232822272,nike,92730,1838,64,37,104,user,nike,2026-04-04 00:25:09,1775233509,Just Do It.,8330115,verified account,15,7577422194763729719,True,nike
7577172655984413965,1764198017,We heard After Dark Tour London was electric... @Debadebadd taking notes from the best of the best.,,208464585232822272,nike,78940,1231,60,34,42,user,nike,2026-04-04 00:25:09,1775233509,Just Do It.,8330115,verified account,63,7577172741074619191,True,nike
7577157128268385549,1764194402,After Dark Tour London,,208464585232822272,nike,56790,796,45,17,33,user,nike,2026-04-04 00:25:09,1775233509,Just Do It.,8330115,verified account,0,7389714487424649232,True,nike
7574837877889142071,1763654395,Her name is PinkPantheress and she’s headlining After Dark Tour London. See you at the finish line. @😘🙈☺️ ,,208464585232822272,nike,116999,4526,145,75,155,user,nike,2026-04-04 00:25:09,1775233509,Just Do It.,8330115,verified account,12,7574837872631155470,True,nike
7573782088843971895,1763408596,Being one of the best speed skaters in the world requires an intense training regimen. Jutta Leerdam feels comfortable and powerful in her favorite items from NikeSKIMS Drop 2. Shop Jutta’s faves now.,,208464585232822272,nike,251549,7821,78,296,572,user,nike,2026-04-04 00:25:13,1775233513,Just Do It.,8329765,verified account,12,7573782203390233358,True,nike
7572383773744958733,1763083010,When the court meets the course. @Caitlin Clark and #NellyKorda overheard during their annual tee time. ,nellykorda,208464585232822272,nike,208349,6657,158,240,462,user,nike,2026-04-04 00:25:13,1775233513,Just Do It.,8329765,verified account,34,7572383864455236366,True,nike
7571869033650326839,1762963203,NikeSKIMS Drop 2 arrives tomorrow. Learn more at the link in bio,,208464585232822272,nike,103144,1626,71,48,32,user,nike,2026-04-04 00:25:13,1775233513,Just Do It.,8329765,verified account,21,7571869278069181239,True,nike
7571514321159605517,1762880581,They think they can rise to greatness without facing rejection. But they keep finding out. #JustDoIt ,justdoit,208464585232822272,nike,108364,4627,104,206,310,user,nike,2026-04-04 00:25:13,1775233513,Just Do It.,8329765,verified account,30,7571514416626191118,True,nike
7571112206247529742,1762786978,"Power and poise. Strength and beauty. Inspired by the sleek aesthetics of winter sports and speed skating, NikeSKIMS Drop 2 arrives November 13th. ",,208464585232822272,nike,108047,1690,48,85,99,user,nike,2026-04-04 00:25:13,1775233513,Just Do It.,8329765,verified account,24,7571112386183170871,True,nike
7568591669130464525,1762200100,"New York. Mile 22. When the race gets real, you need @CoachBennett. ",,208464585232822272,nike,164438,4791,194,374,221,user,nike,2026-04-04 00:25:13,1775233513,Just Do It.,8329765,verified account,188,7568591822155467534,True,nike
7567780347123895566,1762011181,"In a sport dominated by time, Eliud Kipchoge’s legacy is timeless. ",,208464585232822272,nike,598349,79812,275,2419,4553,user,nike,2026-04-04 00:25:13,1775233513,Just Do It.,8329765,verified account,33,7567780378572819213,True,nike
7567149878262959415,1761864398,"Welcome to the MAD STADIUM at ComplexCon.  Ballers went head-to-head for a chance to make it to the main stage, while UNDEFEATED, atmos, Yeat and KOI dropped exclusive heat.",,208464585232822272,nike,87026,1689,78,26,79,user,nike,2026-04-04 00:25:13,1775233513,Just Do It.,8329765,verified account,35,7567149887670717198,True,nike
7564401377976257847,1761224456,There is no finish line when it comes to innovating to serve athletes. Introducing four game-changing Nike innovations designed to transform what’s possible.  Nike Mind Nike Air Milano Nike Aero-FIT Nike Amplify Watch this space for more. ,,208464585232822272,nike,348139,16009,197,514,963,user,nike,2026-04-04 00:25:13,1775233513,Just Do It.,8329765,verified account,14,7564401414118640439,True,nike
7557040423546457358,1759510633,"Front of the class. Ahead of the game. Introducing our 2025 NIL Class: @The_aaliyah_chavez, @Tstokes🥷, and Brandon McCoy, Jr.",,208464585232822272,nike,412293,9488,437,272,413,user,nike,2026-04-04 00:25:13,1775233513,Just Do It.,8329765,verified account,57,7557040584964246285,True,nike
7556252854294482189,1759327264,The 40k Club. Only One Player. The LeBron XXIII ‘Uncharted’ is more than a milestone. It’s about pushing the boundaries of greatness. Arriving in SNKRS in select locations 10.3.,,208464585232822272,nike,431996,17834,328,917,1429,user,nike,2026-04-04 00:25:17,1775233517,Just Do It.,8330116,verified account,33,7556253005624953614,True,nike
7554412788647595278,1758898811,"With over 10,000 ways to wear, NikeSKIMS offers endless styling combinations for every body and every movement.  Shop now.",,208464585232822272,nike,295902,1921,139,80,109,user,nike,2026-04-04 00:25:17,1775233517,Just Do It.,8330116,verified account,9,7554399682068351799,True,nike
7554399669812464909,1758895752,"NikeSKIMS is here. A new brand for those who refuse to compromise. Shop now at nike.com, skims.com, and select Nike and SKIMS retail locations.",,208464585232822272,nike,186873,4045,124,188,183,user,nike,2026-04-04 00:25:17,1775233517,Just Do It.,8330116,verified account,15,7554399682068351799,True,nike
7554062788520414519,1758817317,Scottie Scheffler and Rory McIlroy are coming out swinging at the Ryder Cup. Whose corner are you in?,,208464585232822272,nike,158104,2726,113,149,113,user,nike,2026-04-04 00:25:17,1775233517,Just Do It.,8330116,verified account,40,7554062767649540878,True,nike
7552573620199935246,1758470611,"Expectations are high, but I get up higher. #JustDoIt",justdoit,208464585232822272,nike,130651,3994,104,94,165,user,nike,2026-04-04 00:25:17,1775233517,Just Do It.,8330116,verified account,16,7552573725846162231,True,nike
7551486076859223351,1758217380,I've never won first by thinking twice. #JustDoIt ,justdoit,208464585232822272,nike,164600,3392,88,128,137,user,nike,2026-04-04 00:25:17,1775233517,Just Do It.,8330116,verified account,17,7551486062174980877,True,nike
7550578024228359479,1758006031,"Champion stories are written in Air, a new chapter is coming with Air Afrique.",,208464585232822272,nike,881043,128634,714,1548,5584,user,nike,2026-04-04 00:25:17,1775233517,Just Do It.,8330116,verified account,28,7550578359659399991,True,nike
7549981731990932749,1757867143,I'm never stopping me. #JustDoIt ,justdoit,208464585232822272,nike,344052,9588,243,230,499,user,nike,2026-04-04 00:25:17,1775233517,Just Do It.,8330116,verified account,13,7549981838708214541,True,nike
7549604978877385998,1757779417,Big Hoops. Tiny Host. Catch @A’ja Wilson on Clicked In - the biggest mini sports show. Coming soon.,,208464585232822272,nike,493774,49125,268,3513,3503,user,nike,2026-04-04 00:25:17,1775233517,Just Do It.,8330116,verified account,38,7549605062503402254,True,nike
7548491651921038647,1757520216,No looking back. #JustDoIt ,justdoit,208464585232822272,nike,1071458,128470,902,4032,1185,user,nike,2026-04-04 00:25:17,1775233517,Just Do It.,8330116,verified account,24,7548491777490144013,True,nike
7548121249558302007,1757433965,Need us to say it louder for the people in the back? Quit thinking about it. #JustDoIt ,justdoit,208464585232822272,nike,17483050,31234,401,1092,1320,user,nike,2026-04-04 00:25:20,1775233520,Just Do It.,8330116,verified account,12,7548121356135566135,True,nike
7547894101841153293,1757381078,Can't send it without trying #JustDoIt ,justdoit,208464585232822272,nike,102500,1979,78,153,142,user,nike,2026-04-04 00:25:20,1775233520,Just Do It.,8330116,verified account,13,7547894218832743223,True,nike
7547782837869530423,1757355189,Why wait when you can win? #JustDoIt ,justdoit,208464585232822272,nike,93960,2347,82,39,80,user,nike,2026-04-04 00:25:20,1775233520,Just Do It.,8330116,verified account,9,7547782953314634551,True,nike
7547748804703964430,1757347228,A message from 88 incoming. #JustDoIt ,justdoit,208464585232822272,nike,79379,2672,58,39,107,user,nike,2026-04-04 00:25:20,1775233520,Just Do It.,8330116,verified account,6,7547748751914371854,True,nike
7547666120417774861,1757327978,"The crown is heavy. The shoes are light. The court’s longest reign is celebrated in the “House of King James,” Shanghai. ",,208464585232822272,nike,158078,19593,200,1198,1370,user,nike,2026-04-04 00:25:20,1775233520,Just Do It.,8330116,verified account,33,7547666147940829965,True,nike
7547455278522830094,1757278898,"If you're looking for a sign, this is it. #JustDoIt ",justdoit,208464585232822272,nike,72583,2343,57,41,82,user,nike,2026-04-04 00:25:20,1775233520,Just Do It.,8330116,verified account,7,7547455306880797495,True,nike
7547408518811323662,1757268015,"If you don't want to win, keep scrolling. #JustDoIt ",justdoit,208464585232822272,nike,60374,1758,65,41,53,user,nike,2026-04-04 00:25:20,1775233520,Just Do It.,8330116,verified account,7,7547408602315721527,True,nike
7547363322593676599,1757257509,Opposites attack. The next era of tennis belongs to those on the offense.,,208464585232822272,nike,43003,1000,40,47,52,user,nike,2026-04-04 00:25:20,1775233520,Just Do It.,8330116,verified account,24,7547363465623538445,True,nike
7547037332793347341,1757181597,Are you going to make moves or not? #JustDoIt ,justdoit,208464585232822272,nike,6342844,87522,1083,3129,2748,user,nike,2026-04-04 00:25:20,1775233520,Just Do It.,8330116,verified account,6,7547037427194432269,True,nike
7547006620862090509,1757174451,Time to pick up your racket.  #JustDoIt ,justdoit,208464585232822272,nike,1870607,175183,765,13266,8151,user,nike,2026-04-04 00:25:20,1775233520,Just Do It.,8330116,verified account,6,7547006738315201335,True,nike
7546713027240856845,1757106084,We couldn't have said it any better. #JustDoIt ,justdoit,208464585232822272,nike,2252626,201815,977,4065,10206,user,nike,2026-04-04 00:25:24,1775233524,Just Do It.,8330118,verified account,7,7546713072786819853,True,nike
7546666568915094839,1757095275,Lace up. It's time to get after it. #JustDoIt ,justdoit,208464585232822272,nike,23045722,133708,1181,1481,3709,user,nike,2026-04-04 00:25:24,1775233524,Just Do It.,8330118,verified account,8,7546666657813515063,True,nike
7546636202384887054,1757088215,Listen up. The King is talking. #JustDoIt ,justdoit,208464585232822272,nike,1616387,214726,1376,39960,18741,user,nike,2026-04-04 00:25:24,1775233524,Just Do It.,8330118,verified account,9,7546636353761512205,True,nike
7546614701623381261,1757083211,You fight for what you love. And @Aryna Sabalenka loves to win. ,,208464585232822272,nike,79552,1426,42,37,92,user,nike,2026-04-04 00:25:24,1775233524,Just Do It.,8330118,verified account,35,7546614820850764599,True,nike
7546264426370845966,1757001617,"Before every win, there’s a choice. #JustDoIt   ",justdoit,208464585232822272,nike,233769,22618,182,710,1239,user,nike,2026-04-04 00:25:24,1775233524,Just Do It.,8330118,verified account,16,7546264388047620878,True,nike
7546234572208377101,1756994667,Why risk it? Because you can. #JustDoIt ,justdoit,208464585232822272,nike,383232,15711,492,884,1271,user,nike,2026-04-04 00:25:24,1775233524,Just Do It.,8330118,verified account,60,7546234520153623310,True,nike
7546075155034950926,1756957584,Fight for every ball. That’s @Jannik Sinner’s Match Point Mindset. ,,208464585232822272,nike,64986,3305,42,75,334,user,nike,2026-04-04 00:25:24,1775233524,Just Do It.,8330118,verified account,27,7546075248832170807,True,nike
7545986506398108941,1756936923,"When the pressure is up, Amanda Anisimova doesn’t back down. ",,208464585232822272,nike,48308,978,39,23,67,user,nike,2026-04-04 00:25:24,1775233524,Just Do It.,8330118,verified account,37,7545986530008779575,True,nike
7545577318278876471,1756841668,@Carlos Alcaraz 🧠❤️🥚🥚 knows one point can turn everything around. ,,208464585232822272,nike,64177,1905,79,56,161,user,nike,2026-04-04 00:25:24,1775233524,Just Do It.,8330118,verified account,22,7545577365280230199,True,nike
7545383513579638047,1756796549,The world’s most dangerous striker is back — and she’s got a new secret weapon. Sam Kerr's Mercurial Superfly out now. #NikeFootball,nikefootball,7481436802697839659,nikefootball,50629,2876,66,66,139,user,nike,2026-04-04 00:25:24,1775233524,2026 National Team Jerseys Now Collection on Nike.com,319627,verified account,43,7545383525139237662,True,nike
7545120395481959694,1756735283,He is the Forever King. The LeBron XXIII arrives soon. Prepare to behold the greatness.,,208464585232822272,nike,209897,23469,398,3064,1751,user,nike,2026-04-04 00:25:28,1775233528,Just Do It.,8329767,verified account,31,7545120518443305741,True,nike
7542662465532792077,1756162995,Tune in. Her logo is good from anywhere.   Logo collection coming soon. Signature product dropping 2026.,,208464585232822272,nike,9025158,45273,342,1414,1557,user,nike,2026-04-04 00:25:28,1775233528,Just Do It.,8329767,verified account,20,7542662542804536078,True,nike
7542150416989949239,1756043783,Our serve. This is Pass the Phone: Nike Tennis Edition 🎾,,208464585232822272,nike,311451,26335,186,1542,1876,user,nike,2026-04-04 00:25:28,1775233528,Just Do It.,8329767,verified account,59,7542150507905796919,True,nike
7542133136793128247,1756039770,"The last Grand Slam of the year, and our athletes are locked in 😤",,208464585232822272,nike,109826,4651,58,90,414,user,nike,2026-04-04 00:25:28,1775233528,Just Do It.,8329767,verified account,64,7542133276996061965,True,nike
7540299361796820238,1755612767,Certified Clutch 💎 The Kobe 3 Protro is available 8.23 on SNKRS...if you have that dog in you.,,208464585232822272,nike,159648,7512,118,482,350,user,nike,2026-04-04 00:25:28,1775233528,Just Do It.,8329767,verified account,60,7540299372358077198,True,nike
7539956307911101751,1755532895,Don’t leave a message. Leave a legacy.,,208464585232822272,nike,80473,3306,81,64,133,user,nike,2026-04-04 00:25:28,1775233528,Just Do It.,8329767,verified account,10,7539956297584675639,True,nike
7537358556022967607,1754928081,A millimeter or a mile don’t matter as long as you’ve put in the work. Duet to practice creating space with @Arike Ogunbowale. #NikeBasketball #TeamNike,"nikebasketball,teamnike",208464585232822272,nike,208611,2970,140,69,203,user,nike,2026-04-04 00:25:28,1775233528,Just Do It.,8329767,verified account,42,7537358684792343309,True,nike
7534760651932159246,1754323227,Competition is just noise if you know you’re a bucket. Silence ‘em with @Arike Ogunbowale’s 24/8 Challenge. #NikeBasketball #TeamNike,"nikebasketball,teamnike",208464585232822272,nike,245762,4345,143,80,216,user,nike,2026-04-04 00:25:28,1775233528,Just Do It.,8329767,verified account,22,7534760821096860430,True,nike
7533276991294950669,1753977747,"For elite runners Cole Hocker and Cooper Teare, this is what training to be the best in the Structure 26 sounds. #NikeRunning ",nikerunning,208464585232822272,nike,307294,4935,222,362,367,user,nike,2026-04-04 00:25:28,1775233528,Just Do It.,8329767,verified account,31,7533277014422309646,True,nike
7533024093499673887,1753918868,"This is TOMA LA.   8 neighborhoods united by a love of football - competing to crown the top rising ballers in the city under the lights featuring: @Travis Scott  @Vini Jr.  @baby miko  @ZULAN  @Mia  It started in LA, now we’re taking the game to the world.  Next stop: TOMA Seoul. #NikeFootball #TomaElJuego","NikeFootball,TomaElJuego",7481436802697839659,nikefootball,177052,3624,91,164,213,user,nike,2026-04-04 00:25:28,1775233528,2026 National Team Jerseys Now Collection on Nike.com,321138,verified account,32,7533024093407333150,True,nike
7532395481998101790,1753772522,Better is the only choice. @fcbarcelona’s purest expression of footballing perfection meets the constant growth mindset of Mamba Mentality. Millor és l'única opció. La màxima expressió de la perfecció futbolística del @fcbarcelona conflueix amb l'actitud de creixement constant de la Mamba Mentality. Mejor es la única opción. La máxima expresión de la perfección futbolística del @fcbarcelona confluye con la actitud de crecimiento constante de la Mamba Mentality. @Alexia Putellas @@Alejandro Balde @Patri Guijarro  #NikeFootball,NikeFootball,7481436802697839659,nikefootball,385674,10491,311,639,696,user,nike,2026-04-04 00:25:31,1775233531,2026 National Team Jerseys Now Collection on Nike.com,319627,verified account,34,7532395504324381471,True,nike
7532163036157709623,1753718423,A nasty dribble takes discipline. Have what it takes to keep up with a pro? Duet to see. #NikeBasketball #TeamNike,"nikebasketball,teamnike",208464585232822272,nike,347582,3840,197,130,199,user,nike,2026-04-04 00:25:31,1775233531,Just Do It.,8330118,verified account,35,7532163226025380622,True,nike
7531558866945854734,1753577725,All of China is on the edge of their seats.  Welcome to the Ja Morant show. #NikeBasketball #TeamNike,"nikebasketball,teamnike",208464585232822272,nike,1332815,140609,2169,4498,11541,user,nike,2026-04-04 00:25:31,1775233531,Just Do It.,8330118,verified account,40,7531558943433165582,True,nike
7530650298537233678,1753366167,Hoopers get your hard hats. It’s time to go to work.  The Sabrina 3 ‘Blueprint’ is available now.,,208464585232822272,nike,617331,40550,284,1464,2444,user,nike,2026-04-04 00:25:31,1775233531,Just Do It.,8330118,verified account,60,7530650291411192631,True,nike
7529566086673534221,1753113762,Do you have what it takes to finish the job?  Stitch Arike's step-back game-winner and show us how you call game. #NikeBasketball #TeamNike,"nikebasketball,teamnike",208464585232822272,nike,561078,3882,205,96,224,user,nike,2026-04-04 00:25:31,1775233531,Just Do It.,8330118,verified account,35,7529566225375677197,True,nike
7529295794415963447,1753050827,"Game recognize game.  @Caitlin Clark pulled up to NX3, our inaugural 3x3 tournament, at WNBA All-Star Weekend in Indy. #NikeBasketball",nikebasketball,208464585232822272,nike,408836,3213,119,49,149,user,nike,2026-04-04 00:25:31,1775233531,Just Do It.,8330118,verified account,22,7529295916751244087,True,nike
7528533242346048781,1752873279,The inaugural NX3 tournament lights Indy on 07.18. #NikeBasketball,nikebasketball,208464585232822272,nike,428393,5707,164,104,234,user,nike,2026-04-04 00:25:31,1775233531,Just Do It.,8330118,verified account,14,7528533358146620215,True,nike
7526968160193482039,1752508888,"Don't practice greatness, commit to it. Step up to Arike's 24/8 challenge for the next five weeks, unless you want your game to stay mid. Download the Nike app and follow the Kobe Interest for more. #NikeBasketball #TeamNike","nikebasketball,teamnike",208464585232822272,nike,305599,3400,92,59,142,user,nike,2026-04-04 00:25:31,1775233531,Just Do It.,8330118,verified account,16,7526968310831876877,True,nike
7521634293291027767,1751266972,"Don’t just beat them, give them nightmares. Be Scary Good. STAY TUNED for more with Kylian Mbappe, @Alexia Putellas, @Erling Haaland, Salma Paralluelo, @Vini Jr., Sam Kerr, @Cole Palmer, @Kerolin, @Ronaldo Lima, @Ronaldinho #NikeFootball",nikefootball,7481436802697839659,nikefootball,595536,47514,374,2165,2999,user,nike,2026-04-04 00:25:31,1775233531,2026 National Team Jerseys Now Collection on Nike.com,319627,verified account,60,7521634293454834445,True,nike
7521487478218378551,1751232812,"Distance: 100.2 miles (161.3 km) Elevation gain: 18,000 ft (5,486 m) Time: 14:11:25  No shortcuts to number 1. Congrats, Caleb Olson, on the Western States Endurance Run win.",,208464585232822272,nike,1031131,3024,115,128,115,user,nike,2026-04-04 00:25:31,1775233531,Just Do It.,8330118,verified account,40,7521487601983834935,True,nike
7521402156583243022,1751212946,"@Caitlin Clark laces her new Kobe 5 Protro PE and steps into a new dimension. Noise fades, focus hits, and all that's left is her drive to dominate.  Available 6.30 on SNKRS in select regions.",,208464585232822272,nike,1198018,93626,992,3666,4739,user,nike,2026-04-04 00:25:35,1775233535,Just Do It.,8329767,verified account,39,7521402281628044046,True,nike
7520721304580934926,1751054416,"Thank you, @FaithKipyegon, for running faster than any woman ever has, just to show us how big to dream. #Breaking4",breaking4,208464585232822272,nike,191472,10187,97,323,430,user,nike,2026-04-04 00:25:35,1775233535,Just Do It.,8329767,verified account,30,7520721362801953591,True,nike
7520347705718132023,1750967408,"Watch the full #Breaking4 race where @faithkipyegon2023 ran the fastest women’s mile time ever: 4:06.42. Today, she has shown us it’s only a matter of time until a woman breaks 4.",Breaking4,208464585232822272,nike,1101428,53116,727,3065,1959,user,nike,2026-04-04 00:25:35,1775233535,Just Do It.,8329767,verified account,257,7520347796197657357,True,nike
7519903922199219470,1750864085,"Gold medals. World titles. World records. Next up: the ""impossible"" mile. Breaking4: @FaithKipyegon vs. the 4-Minute Mile. June 26th. Stream live on Nike's YouTube, TikTok, Instagram, Twitch and Prime Video. Link in bio.",,208464585232822272,nike,153723,5522,121,155,240,user,nike,2026-04-04 00:25:35,1775233535,Just Do It.,8329767,verified account,32,7519903919578499895,True,nike
7519576207831141646,1750787815,"It isn’t just gear—it’s game. Athletes stepped in, laced up, and flexed their Nike favorites this weekend.  All we know is the Athlete Hub at Fanatics Fest NYC was 😤 #fanaticsfest ",fanaticsfest,208464585232822272,nike,97080,2116,53,94,158,user,nike,2026-04-04 00:25:35,1775233535,Just Do It.,8329767,verified account,27,7519576350584900407,True,nike
7518551143753043213,1750549143,Wemby pulled up at Fanatics Fest. Fans showed out. How would you customize your jersey at our athlete hub? 👀 #fanaticsfest ,fanaticsfest,208464585232822272,nike,133055,2234,62,40,109,user,nike,2026-04-04 00:25:35,1775233535,Just Do It.,8329767,verified account,8,7518551295360338702,True,nike
7515062369324633387,1749736822,"One runner, one mile, one system of speed. A team of Nike innovators and @FaithKipyegon have partnered to develop fully customized footwear and apparel—a suit, spike, and bra engineered to the exact specification she needs to break the 4-minute mile barrier. Breaking4: Faith Kipyegon vs. the 4-Minute Mile, June 26th.",,208464585232822272,nike,293177,10292,112,395,423,user,nike,2026-04-04 00:25:35,1775233535,Just Do It.,8329767,verified account,71,7515062390238923566,True,nike
7514737515950066990,1749661214,FEEEDDDDDD MMMEEEEEEEEE ⚽️ #NikeFootball,nikefootball,7481436802697839659,nikefootball,2638596,304685,518,13010,17690,user,nike,2026-04-04 00:25:35,1775233535,2026 National Team Jerseys Now Collection on Nike.com,321138,verified account,8,7514737643373742894,True,nike
7512836638603611435,1749218670,"It’s not a race against the clock. It’s a race against the “impossible.” At Breaking4, @FaithKipyegon will dare to become the first woman to break the 4-minute mile. Stream live on YouTube, June 26th at 7:15 PM CEST / 10:15 AM PST. Link in bio to sign up to watch.",,208464585232822272,nike,159034,2962,82,109,174,user,nike,2026-04-04 00:25:35,1775233535,Just Do It.,8329767,verified account,30,7512836912345041710,True,nike
7508413737670413614,1748188839,"Things you might experience on Fly Vini Airlines with captain @Vini Jr.: speed, samba and smiles. #NikeFootball ",nikefootball,208464585232822272,nike,327674,16965,243,542,1024,user,nike,2026-04-04 00:25:35,1775233535,Just Do It.,8329767,verified account,32,7508413812350012206,True,nike
7506532858635373870,1747750947,The only way to earn rewards on Fly Vini airlines is to dance with captain @Vini Jr. Must smile and have rhythm. #NikeFootball ,nikefootball,208464585232822272,nike,567223,53820,485,3895,3794,user,nike,2026-04-04 00:25:39,1775233539,Just Do It.,8330118,verified account,32,7506533064789592878,True,nike
7504333080115612970,1747238716,"Meet Garrett Harris, @A’ja Wilson’s childhood friend. “… hardest practice ever for me, but A’ja was unstoppable. 🤩”",,208464585232822272,nike,161958,2327,113,64,120,user,nike,2026-04-04 00:25:39,1775233539,Just Do It.,8330118,verified account,45,7504333066865920814,True,nike
7503589705456471342,1747065678,"Meet Greg Brown, owner of Big T’s, @A’ja Wilson’s favorite BBQ spot. “… she put the team on her back. 🌟”",,208464585232822272,nike,121906,3283,73,117,144,user,nike,2026-04-04 00:25:39,1775233539,Just Do It.,8330118,verified account,56,7503589874365139755,True,nike
7502848599747824938,1746893103,"Meet Tisha Washington, @A’ja Wilson’s kindergarten teacher. “… she was small, but she was determined. 💪🏻”",,208464585232822272,nike,103296,2639,55,85,118,user,nike,2026-04-04 00:25:39,1775233539,Just Do It.,8330118,verified account,44,7502848742257658667,True,nike
7501030754755890474,1746469876,"When your younger self shows up demanding to train, it’s hard to hit snooze. #NikeFootball #THEDREAMISREAL","nikefootball,thedreamisreal",208464585232822272,nike,268069,27716,193,721,1683,user,nike,2026-04-04 00:25:39,1775233539,Just Do It.,8330118,verified account,37,7501030959414528814,True,nike
7500620844402543918,1746374416,"Real ones get their own shoe, and their own rhyme. 👏 The A'One drops May 6 in SNKRS",,208464585232822272,nike,971373,113626,1020,4410,4591,user,nike,2026-04-04 00:25:39,1775233539,Just Do It.,8330118,verified account,61,7500620968096729899,True,nike
7499975182778420523,1746224078,Runner's high is real - take it from @toomuchtime1999. ,,208464585232822272,nike,92772,1378,47,56,66,user,nike,2026-04-04 00:25:39,1775233539,Just Do It.,8330118,verified account,30,7499975182074121002,True,nike
7496910969076043054,1745510619,Aura in every detail. Hearing @A’ja Wilson tell us how the A’One came to life has us ready to lace ’em up ASAP.  Dropping May 6 in Nike Stores and Nike.com.,,208464585232822272,nike,686592,47855,432,2023,2750,user,nike,2026-04-04 00:25:39,1775233539,Just Do It.,8330118,verified account,47,7496910994574084910,True,nike
7496616306188225835,1745442024,Kylian Mbappé’s secret? Determination and a highly demanding 10 year old version of himself. #NikeFootball ,nikefootball,208464585232822272,nike,166120,12305,142,780,1341,user,nike,2026-04-04 00:25:39,1775233539,Just Do It.,8330118,verified account,36,7496616382889495338,True,nike
7496508649465023786,1745416951,BREAKING4: @FaithKipyegon vs. the 4-minute mile. Witness history on June 26th. ,,208464585232822272,nike,13264894,54308,547,2108,1989,user,nike,2026-04-04 00:25:39,1775233539,Just Do It.,8330118,verified account,22,7496508615893781294,True,nike
7495054824728268078,1745078475,"The A’One is on the way—and judging by these comments, y’all are ready. Arriving May 6 at Nike stores and Nike.com.",,208464585232822272,nike,144917,6953,167,104,246,user,nike,2026-04-04 00:25:42,1775233542,Just Do It.,8329767,verified account,39,7495054927836744491,True,nike
7490310565085203754,1743973867,Top dogs. @UConn Women’s Basketball ,,208464585232822272,nike,179410,8476,119,334,697,user,nike,2026-04-04 00:25:42,1775233542,Just Do It.,8329767,verified account,30,7490310669389073195,True,nike
7486527693073157422,1743093078,"Like skateboarding, matcha is a way of life. Yuto Horigome explores the ancient art of matcha making in Kyoto. Learn more at NikeSB.com. 🎬 Chris Grosso 📹 Bernardo García Elguézabal 🎞️ Kingcemita #nikesb #nikesbdunk ","nikesb,nikesbdunk",208464585232822272,nike,247004,5697,126,363,460,user,nike,2026-04-04 00:25:42,1775233542,Just Do It.,8329767,verified account,40,7486527681077463850,True,nike
7485036210600070442,1742745838,Compete. Win. Repeat. The Mal Swanson formula. #Nike ,nike,208464585232822272,nike,136306,1804,107,58,100,user,nike,2026-04-04 00:25:42,1775233542,Just Do It.,8329767,verified account,68,7485036324072803118,True,nike
7484768783647886638,1742683561,"The harder the hustle, the longer the receipt. Mal Swanson did that. #Nike ",nike,208464585232822272,nike,79547,1035,49,42,64,user,nike,2026-04-04 00:25:42,1775233542,Just Do It.,8329767,verified account,18,7484768834738686766,True,nike
7484696033063079210,1742666626,Losing isn’t Juju Watkins’ aesthetic.,,208464585232822272,nike,135886,8076,74,135,542,user,nike,2026-04-04 00:25:42,1775233542,Just Do It.,8329767,verified account,76,7484696147693587246,True,nike
7484664827273858350,1742659374,Talk is cheap but the work is expensive. #Nike ,nike,208464585232822272,nike,67389,1487,47,35,108,user,nike,2026-04-04 00:25:42,1775233542,Just Do It.,8329767,verified account,18,7484664940169071406,True,nike
7484293588084509998,1742572926,"Sweet smile, savage game. That's Sophia Wilson. #Nike ",nike,208464585232822272,nike,81956,1827,36,52,104,user,nike,2026-04-04 00:25:42,1775233542,Just Do It.,8329767,verified account,67,7484293631705844523,True,nike
7483968881095167274,1742497307,And Sophia Wilson’s receipt is only getting longer. #Nike ,nike,208464585232822272,nike,68570,1071,31,41,67,user,nike,2026-04-04 00:25:42,1775233542,Just Do It.,8329767,verified account,15,7483968851660213035,True,nike
7483553130219752750,1742400508,"@Alexia Putellas did what she needed to do to make the team, then made it her own. #Nike ",nike,208464585232822272,nike,416202,20741,136,661,2419,user,nike,2026-04-04 00:25:42,1775233542,Just Do It.,8329767,verified account,73,7483553150742350634,True,nike
7483227470741884206,1742324712,"@Alexia Putellas is winning so much, it’s hard to keep track. #Nike ",nike,208464585232822272,nike,65447,2676,47,77,321,user,nike,2026-04-04 00:25:46,1775233546,Just Do It.,8329766,verified account,19,7483227552502565678,True,nike
7480231993364761902,1741627282,Let the tour begin. 📍 Manila: 3.10-3.12 📍 Guangzhou: 3.12-3.15 📍 Hong Kong: 3.15-3.16 #SabrinaAsiaTour #NikeBasketball,"sabrinaasiatour,nikebasketball",208464585232822272,nike,67052,2380,57,75,120,user,nike,2026-04-04 00:25:46,1775233546,Just Do It.,8329766,verified account,13,7480232099411807022,True,nike
7476937732414016810,1740860266,@Baby Jo got that first win and isn't stepping off the podium any time soon. #Nike,nike,208464585232822272,nike,65613,1281,35,37,55,user,nike,2026-04-04 00:25:46,1775233546,Just Do It.,8329766,verified account,66,7476937850299239211,True,nike
7475411188168281386,1740504842,A trial run like no other. An elite team of athletes. Electrify London. Unleash the power of Pegasus Premium.,,208464585232822272,nike,119551,5845,57,251,265,user,nike,2026-04-04 00:25:46,1775233546,Just Do It.,8329766,verified account,19,7475411259127728942,True,nike
7474695451950779691,1740338184,We know @Caitlin Clark game but some facts may surprise you... #Nike,nike,208464585232822272,nike,314717,16101,142,515,1186,user,nike,2026-04-04 00:25:46,1775233546,Just Do It.,8329766,verified account,71,7474695533622463278,True,nike
7472746530999487787,1739884472,Introducing NikeSKIMS. A new brand coming this spring for the body obsessed. Designed to sculpt and engineered to perform. ,,208464585232822272,nike,1058538,59720,147,9243,2234,user,nike,2026-04-04 00:25:46,1775233546,Just Do It.,8329766,verified account,10,7472746823715703594,True,nike
7472534195840093482,1739834980,"Every step, every rep. The proof is in the results for @Sabrina Ionescu. #Nike ",nike,208464585232822272,nike,75241,2463,31,30,125,user,nike,2026-04-04 00:25:46,1775233546,Just Do It.,8329766,verified account,60,7472534289440181035,True,nike
7472480672742001963,1739822526,Run up the total. @Sabrina Ionescu can cover. #Nike ,nike,208464585232822272,nike,51678,1033,31,44,66,user,nike,2026-04-04 00:25:46,1775233546,Just Do It.,8329766,verified account,21,7472480766006496042,True,nike
7472128989969026347,1739740625,@A’ja Wilson did that. And earned the right to talk about it. #Nike,nike,208464585232822272,nike,125423,11504,66,173,446,user,nike,2026-04-04 00:25:46,1775233546,Just Do It.,8329766,verified account,59,7472129009648700206,True,nike
7472032324889152810,1739718150,"The future is now. Top player in the nation, AJ Dybantsa, brought the whole city out for the Nike Future Game.  #NikeBasketball",nikebasketball,208464585232822272,nike,53580,1618,36,41,91,user,nike,2026-04-04 00:25:46,1775233546,Just Do It.,8329766,verified account,21,7472032422872353578,True,nike
7471880152532667694,1739682698,Jordan Fan Fest turned up. @Jordan x Kasso x #NikeSB ,nikesb,208464585232822272,nike,143565,7986,39,56,173,user,nike,2026-04-04 00:25:50,1775233550,Just Do It.,8329766,verified account,22,6860551047958497281,True,nike
7471723016544881966,1739646122,@A’ja Wilson earned every line of this receipt. #Nike,nike,208464585232822272,nike,48294,1255,29,28,67,user,nike,2026-04-04 00:25:50,1775233550,Just Do It.,8329766,verified account,24,7471723135990696747,True,nike
7471337280343493930,1739556306,Lights...camera...these Icons bring the action ✨,,208464585232822272,nike,77277,4636,35,111,221,user,nike,2026-04-04 00:25:50,1775233550,Just Do It.,8329766,verified account,38,7471337357166365482,True,nike
7470950762617654571,1739466292,@Baby Jo is built different. Receipt included.  ,,208464585232822272,nike,47750,793,18,14,34,user,nike,2026-04-04 00:25:50,1775233550,Just Do It.,8329766,verified account,32,7470950622842473259,True,nike
7470578917301062954,1739379711,"For Sha’Carri Richardson, the hustle never stops. Neither does the receipt. #Nike ",nike,208464585232822272,nike,46238,764,16,20,42,user,nike,2026-04-04 00:25:50,1775233550,Just Do It.,8329766,verified account,30,7470578896786787114,True,nike
7469194271044799787,1739057356,"If they slept on the dream, make them watch it come true.  Ten of NOLA’s top girls Flag Football teams pulled up to the Nike Football Arena and took the energy to another level.  #USNikeFootball #FlagFootball #CoachPrime #Tyla ","usnikefootball,flagfootball,coachprime,tyla",208464585232822272,nike,81534,3158,47,157,271,user,nike,2026-04-04 00:25:50,1775233550,Just Do It.,8329766,verified account,41,7469194399797300011,True,nike
7463868507395018026,1737817379,"it's giving effortless comfort and luxurious feels.  The all-new Nike 24.7 Collection is here ft. Ishod Wair, Skateboarder. ",,208464585232822272,nike,161578,1574,58,61,83,user,nike,2026-04-04 00:25:50,1775233550,Just Do It.,8329766,verified account,15,7463868643701508906,True,nike
7463744990389357870,1737788626,"For Erling Haaland, goals are inevitable. All you can do is accept them. Introducing the Nike Haaland Phantom GX. There will be goals. #NikeFootball ",nikefootball,208464585232822272,nike,975992,101521,680,3916,5813,user,nike,2026-04-04 00:25:50,1775233550,Just Do It.,8329766,verified account,71,7463745203787451178,True,nike
7457330081506037034,1736294972,Deciding to have the hardest year can be the greatest year of your life. This isn't the year of the snake. This is the Year of the Mamba. Have a Hard Year. #kobe #nikebasketball ,"kobe,nikebasketball",208464585232822272,nike,1312252,179383,517,10525,15851,user,nike,2026-04-04 00:25:50,1775233550,Just Do It.,8329766,verified account,30,7457330079148935979,True,nike
7451294449621093674,1734889686,Slip on The Wizard of Oz SB Dunks and drop in. Recipe for a perfect day in LA.  ©️ & ™️  TEC #nikesb #wizardofoz ,"nikesb,wizardofoz",208464585232822272,nike,418954,4760,5929,103,275,user,nike,2026-04-04 00:25:50,1775233550,Just Do It.,8329766,verified account,11,7376290589422454811,True,nike
7450876996554378538,1734792492,There’s no place like home. Wizard of Oz SB Dunks meet dreamy skatepark pop up in LA.  ©️ & ™️  TEC #nikesb,nikesb,208464585232822272,nike,235576,6128,1245,68,191,user,nike,2026-04-04 00:25:54,1775233554,Just Do It.,8330117,verified account,11,7338121444402677761,True,nike
7450168863939005742,1734627623,"When it comes to beauty, @Isamaya Ffrench and @Imani Lansiquot won’t let anyone put the next generation of athletes in a box.  #NikeWomen",nikewomen,208464585232822272,nike,129551,1792,214,42,84,user,nike,2026-04-04 00:25:54,1775233554,Just Do It.,8330117,verified account,55,7182260268951422978,True,nike
7449443721935932718,1734458782,"Winning doesn’t come easy, but @Vini Jr. all the right moves to get there. Dancing through defenders, obstacles, and doubt, all the way to the top. #NikeFootball",nikefootball,208464585232822272,nike,5734645,743559,10015,50908,48807,user,nike,2026-04-04 00:25:54,1775233554,Just Do It.,8330117,verified account,30,7449443671700917038,True,nike
7447950131443469614,1734111030,"You can have the boots, Vini. But, R9 says no to the nutmeg ☝️ #mercurial #nikefootball ","mercurial,nikefootball",208464585232822272,nike,284515,8478,370,76,816,user,nike,2026-04-04 00:25:54,1775233554,Just Do It.,8330117,verified account,4,7447950063647345454,True,nike
7447726227760188715,1734058896,"Yeah, winning is glorious. But first, it’s ugly, and messy, and painful. To the high school runners who made it to Nike Cross Nationals, you can cross the country off your list. #FinishOnEmpty #NXN","finishonempty,nxn",208464585232822272,nike,260105,23233,172,629,1315,user,nike,2026-04-04 00:25:54,1775233554,Just Do It.,8330117,verified account,33,7447726214208310062,True,nike
7446457901155159342,1733763592,"First name Paige, last name Buckets. #NikeBasketball #GTHustle","nikebasketball,gthustle",208464585232822272,nike,260117,15717,217,676,3261,user,nike,2026-04-04 00:25:54,1775233554,Just Do It.,8330117,verified account,17,7417941311943313425,True,nike
7446086903436152106,1733677210,"@Vini Jr. Mirror, mirror, who's ready to fly? Chrome is in the air... December 9. #NikeFootball",nikefootball,208464585232822272,nike,534994,13322,162,125,452,user,nike,2026-04-04 00:25:54,1775233554,Just Do It.,8330117,verified account,6,7446086855579749166,True,nike
7445364283313065258,1733508967,We kept it in the family on National Monopoly Day with a game night for 'I Promise School' students to celebrate the LBJ XXII x Monopoly collab and teach lessons in financial literacy. #LeBronXXII,lebronxxii,208464585232822272,nike,200049,3396,161,104,186,user,nike,2026-04-04 00:25:54,1775233554,Just Do It.,8330117,verified account,76,7445364299154885422,True,nike
7442376784303377710,1732813383,ONLY THE NASTIEST GET THE NICEST. Are you nasty enough to make the list? The Nike Vapor Edge Kobe 6 is engineered for the nastiest players with the nicest moves. ,,208464585232822272,nike,869349,39152,773,1601,2190,user,nike,2026-04-04 00:25:54,1775233554,Just Do It.,8330117,verified account,60,7442376778233940779,True,nike
7439470386300865835,1732136683,Introducing Kicks—featuring in-game sneakers from #Nike and @Jordan —landing soon in @Fortnite Official 🪂,nike,208464585232822272,nike,732972,26980,1299,1197,1544,user,nike,2026-04-04 00:25:57,1775233557,Just Do It.,8330117,verified account,12,7439470315073260330,True,nike
7439407333656071470,1732122005,The Get Up vibes? Unmatched. Giving back is just the start. Welcome to The Get Up. #NikeBasketball #JA2,"nikebasketball,ja2",208464585232822272,nike,221152,4343,313,63,223,user,nike,2026-04-04 00:25:57,1775233557,Just Do It.,8330117,verified account,22,7211211276406835201,True,nike
7438480268945689902,1731906156,Greatness meets Greatness. Travis meets the teams before battling it out in the Cactus Colosseum at Complexcon.,,208464585232822272,nike,193998,4027,418,61,177,user,nike,2026-04-04 00:25:57,1775233557,Just Do It.,8330117,verified account,18,7438480203771038510,True,nike
7437301687355706666,1731631743,"No way Andraya Carter buckles under the pressure, she’s stepping in the chamber to face it with 9 chances to beat the buzzer. #LeBronXXII #AndrayaCarter #NikeGrove","lebronxxii,andrayacarter,nikegrove",208464585232822272,nike,209655,5074,1346,105,261,user,nike,2026-04-04 00:25:57,1775233557,Just Do It.,8330117,verified account,36,7437301620915194670,True,nike
7437258165432929582,1731621609,Winning runs in the family. Let’s see what you got. Kevin Durant will be watching. ,,208464585232822272,nike,129944,2943,473,97,144,user,nike,2026-04-04 00:25:57,1775233557,Just Do It.,8330117,verified account,38,7437258102706113326,True,nike
7434924016000945451,1731078155,Tiger style is the only way to go. 👐 🐝 🍦 ,,208464585232822272,nike,377765,9966,44739,170,740,user,nike,2026-04-04 00:25:57,1775233557,Just Do It.,8330117,verified account,30,7434923961999199018,True,nike
7426744454507236651,1729173700,Pressure tested. Pressure ready.   The LeBron XXII ‘Crown Jewel’ arrives 11.1. #NikeBasketball ,nikebasketball,208464585232822272,nike,1519166,84920,74245,4270,4269,user,nike,2026-04-04 00:25:57,1775233557,Just Do It.,8330117,verified account,30,7426744451256699694,True,nike
7423067788178263342,1728317658,,,208464585232822272,nike,543417,39085,11109,2011,2213,user,nike,2026-04-04 00:25:57,1775233557,Just Do It.,8330117,verified account,32,7423067772889893675,True,nike
7417822884376137003,1727096489,Nigo 🤝 Nike - Escape Force エスケープ　フォース Introducing Nigo’s first Nike collection. Available October 4th globally on SNKRS.,,208464585232822272,nike,1024931,86049,4123,7226,6061,user,nike,2026-04-04 00:25:57,1775233557,Just Do It.,8330117,verified account,56,7417822850339392302,True,nike
7417498003314953514,1727020840,Mercurial Cosmic Speed. ✨ A boot that shines with speed from out of this world. 💫 #NikeFootball #Mecurial,"nikefootball,mecurial",208464585232822272,nike,316638,13506,1721,583,839,user,nike,2026-04-04 00:25:57,1775233557,Just Do It.,8330117,verified account,25,7417498027973233450,True,nike
7410294721689505070,1725343704,"@BebeVio knows, you don’t win by retreating. #WinningIsntForEveryone #Paris2024 @paralympics  ","winningisntforeveryone,paris2024",208464585232822272,nike,164191,3597,254,113,189,user,nike,2026-04-04 00:26:01,1775233561,Just Do It.,8330118,verified account,30,7410294681357044523,True,nike
7408809626998787371,1724997923,They say a lot of things about @Charles Antoine Kouakou. But he’s too busy winning to listen. 🥇 #WinningIsntForEveryone #Paris2024 @paralympics ,"winningisntforeveryone,paris2024",208464585232822272,nike,182116,6311,573,217,477,user,nike,2026-04-04 00:26:01,1775233561,Just Do It.,8330118,verified account,25,7408809544094108458,True,nike
7408313398737358123,1724882384,"10-minutes? No problem. @Faith Harper and @SIERRA RENA show us how to create winning looks for 2024 @WNBA All-Star, Kelsey Mitchell ",,208464585232822272,nike,120925,2099,155,103,125,user,nike,2026-04-04 00:26:01,1775233561,Just Do It.,8330118,verified account,54,7408313294163872558,True,nike
7407078683309018414,1724594906,Let’s get something straight. Winning is winning.  #Paris2024 #WinningIsntForEveryone @paralympics  ,"paris2024,winningisntforeveryone",208464585232822272,nike,139879,3167,151,167,262,user,nike,2026-04-04 00:26:01,1775233561,Just Do It.,8330118,verified account,30,7407078536428768043,True,nike
7405950870006877483,1724332324,Nike 🤝 @LEGO. See you in 2025. #Nike #LEGO,"nike,lego",208464585232822272,nike,7814845,524267,3718,26757,44337,user,nike,2026-04-04 00:26:01,1775233561,Just Do It.,8330118,verified account,15,7405950755070413610,True,nike
7405598777018518826,1724250341,Kobe 9 Protro ‘Halo’. 2014 design. Modern day technology. You’re welcome. The Kobe 9 Elite High Protro is available 8.23 on SNKRS in select regions. The Low makes its return on 9.19.,,208464585232822272,nike,261538,13630,289,554,978,user,nike,2026-04-04 00:26:01,1775233561,Just Do It.,8330118,verified account,0,7321206767760001025,True,nike
7405592748524571950,1724248934,,,208464585232822272,nike,63682,3902,1,94,3,user,nike,2026-04-04 00:26:01,1775233561,Just Do It.,8330118,verified account,15,7405592723299896110,True,nike
7405291427925691690,1724178780,Kobe had one gear: Better. The Kobe 9 Elite High Protro ‘Halo’ is available 8.23 on SNKRS in select regions. The Low makes its return on 9.19.,,208464585232822272,nike,164076,6656,285,218,702,user,nike,2026-04-04 00:26:01,1775233561,Just Do It.,8330118,verified account,40,7405291354546244398,True,nike
7404593896891714858,1724016371,On set with @Giannis Antetokounmpo. 😤🐺 #Freak6 #Giannis #nikebasketball,"freak6,giannis,nikebasketball",208464585232822272,nike,360620,30034,479,441,1600,user,nike,2026-04-04 00:26:01,1775233561,Just Do It.,8330118,verified account,13,7293145962955360257,True,nike
7404123368074628394,1723906818,"You feeling the Druski 2s? @DRUSKI added his own flavor to the new Sabrina 2 silhouette, and you can too. Design your own Sabrina 2 at nike.com/nikebyyou.",,208464585232822272,nike,146950,4758,143,102,233,user,nike,2026-04-04 00:26:01,1775233561,Just Do It.,8330118,verified account,17,7404123360797428523,True,nike
7403427663022476587,1723744834,24 seconds with the 🏀 icon @Sabrina Ionescu ,,208464585232822272,nike,206971,8708,328,105,485,user,nike,2026-04-04 00:26:04,1775233564,Just Do It.,8330120,verified account,26,7403427589483744043,True,nike
7402561949139012895,1723543289,"When @Kai Cenat links up with the best athletes in the world, the most epic sport energy is always guaranteed. 🔥 ",,208464585232822272,nike,12677149,194974,612,2929,7144,user,nike,2026-04-04 00:26:04,1775233564,Just Do It.,8330120,verified account,70,7402562001291348767,True,nike
7402329857985711403,1723489232,"@Nella Rose taps into her inner athlete with @Rayssaleal! Scottie Pippen, Caster Semenya and Melissa Ortiz.",,208464585232822272,nike,11504971,53323,341,1097,2315,user,nike,2026-04-04 00:26:04,1775233564,Just Do It.,8330120,verified account,62,7402329876071516974,True,nike
7402269212175060266,1723475115,How many stars do you spot in this elevator? 👀,,208464585232822272,nike,13899034,86424,551,1960,2831,user,nike,2026-04-04 00:26:04,1775233564,Just Do It.,8330120,verified account,20,7402269199105542958,True,nike
7401624442448776491,1723324990,Every team wants to beat the odds. One team is the odds.  The reign of Team USA Men's Basketball continues at the @Olympics. #WinningIsntForEveryone #Paris2024,"winningisntforeveryone,paris2024",208464585232822272,nike,26828126,67205,1769,3081,5657,user,nike,2026-04-04 00:26:04,1775233564,Just Do It.,8330120,verified account,15,7401624426577447722,True,nike
7401458428457127211,1723286353,No regrets. LeBron James isn’t the type to get over a loss. Even if it happened twenty years ago. #WinningIsntForEveryone #Paris2024 @Olympics ,"winningisntforeveryone,paris2024",208464585232822272,nike,830421,90926,429,1890,5141,user,nike,2026-04-04 00:26:04,1775233564,Just Do It.,8330120,verified account,15,7401458322320231211,True,nike
7401235979115253034,1723234545,"Few things in life are guaranteed; KD is one of them. As Kevin Durant chases his fourth @Olympics gold medal, the Slim Reaper is now USA Basketball’s all-time scoring leader. #WinningIsntForEveryone #Paris2024 #SoundsOfWinning","winningisntforeveryone,paris2024,soundsofwinning",208464585232822272,nike,182356,14693,116,354,1195,user,nike,2026-04-04 00:26:04,1775233564,Just Do It.,8330120,verified account,15,7401235897100045102,True,nike
7400512017271950635,1723065983,Look on the bright side. You’ve had the privilege of losing to the champion @A’ja Wilson 🏆. @Olympics #Paris2024 #WinningIsntForEveryone,"paris2024,winningisntforeveryone",208464585232822272,nike,200654,23068,226,1033,976,user,nike,2026-04-04 00:26:04,1775233564,Just Do It.,8330120,verified account,15,7400511948615371562,True,nike
7400353374362799406,1723029047,"Kimiya Alizadeh knows the true meaning of loss. Yet every time she steps onto the mat, she carries with her an insatiable desire to win. @Olympics #WinningIsntForEveryone #Paris2024","winningisntforeveryone,paris2024",208464585232822272,nike,98537,3324,99,178,320,user,nike,2026-04-04 00:26:04,1775233564,Just Do It.,8330120,verified account,30,7400353320327531306,True,nike
7399971786353315115,1722940209,"You miss 100% of the shots you don’t take.  But against @Victor Wembanyama, you’ll be lucky if you get to take any at all. #WinningIsntForEveryone #Paris2024 @Olympics ","winningisntforeveryone,paris2024",208464585232822272,nike,83072,3301,106,116,279,user,nike,2026-04-04 00:26:04,1775233564,Just Do It.,8330120,verified account,15,7399971757316180778,True,nike
7398847675816283435,1722678483,"When she’s on the floor, her eyes are on the podium. India Sardjoe is here for one reason only. @Olympics #Paris2024",paris2024,208464585232822272,nike,114594358,95690,646,2355,6644,user,nike,2026-04-04 00:26:09,1775233569,Just Do It.,8330121,verified account,12,7398847690672524078,True,nike
7398127302590139691,1722510755,"A lifetime of work, in seconds. All eyes on Sha’Carri Richardson, as she brings it to the track. #WinningIsntForEveryone #Paris2024 @Olympics ","winningisntforeveryone,paris2024",208464585232822272,nike,96244,3126,84,109,212,user,nike,2026-04-04 00:26:09,1775233569,Just Do It.,8330121,verified account,30,7398127307258563374,True,nike
7397694222452706602,1722409914,"It takes a winner to get here. Just ask Refugee Olympic Team boxer, Cindy Winner Ngamba. #WinningIsntForEveryone #Paris2024 @Olympics","winningisntforeveryone,paris2024",208464585232822272,nike,72689,2382,53,74,158,user,nike,2026-04-04 00:26:09,1775233569,Just Do It.,8330121,verified account,30,7397694051878751018,True,nike
7397073686949317930,1722265436,Welcome to the Nike Au Centre Pompidou. #WinningIsntForEveryone,winningisntforeveryone,208464585232822272,nike,77277,1894,76,91,107,user,nike,2026-04-04 00:26:09,1775233569,Just Do It.,8330121,verified account,26,7397073674613918507,True,nike
7396801573743021355,1722202078,Sophia Smith will make sure you feature in the highlight reel. You’re welcome. #WinningIsntForEveryone #Paris2024 @Olympics ,"winningisntforeveryone,paris2024",208464585232822272,nike,125104,7830,81,312,477,user,nike,2026-04-04 00:26:09,1775233569,Just Do It.,8330121,verified account,15,7396801550103890734,True,nike
7396689937006857515,1722176086,"The Winner's Curse. Every ring. Every medal. Every record. His hunger is insatiable. Doesn't matter if it's his 1st or 4th @Olympics games, LeBron James has no choice but to try to win again. #WinningIsntForEveryone #Paris2024","winningisntforeveryone,paris2024",208464585232822272,nike,400465,36428,196,2397,4316,user,nike,2026-04-04 00:26:09,1775233569,Just Do It.,8330121,verified account,30,7396689911962700586,True,nike
7396213659824901418,1722065201,"The face of a true winner: never satisfied, never finished. It’s Qinwen Zheng’s @Olympics debut and she’s going all in. #WinningIsntForEveryone #Paris2024","winningisntforeveryone,paris2024",208464585232822272,nike,120536,4062,73,206,506,user,nike,2026-04-04 00:26:09,1775233569,Just Do It.,8330121,verified account,15,7396213621338049326,True,nike
7395303896593239338,1721853371,Win like Betina Gozo and Kylian Mbappé 💯 #WinningIsntForEveryone,winningisntforeveryone,208464585232822272,nike,72639,942,49,46,66,user,nike,2026-04-04 00:26:09,1775233569,Just Do It.,8330121,verified account,10,7390132620519000065,True,nike
7395294568721288490,1721851200,"Training is everything for Nike trainer, Lauren Schramm. She gives it her all so she can show up on the court every day. #WinningIsntForEveryone ",winningisntforeveryone,208464585232822272,nike,43099,720,30,15,69,user,nike,2026-04-04 00:26:09,1775233569,Just Do It.,8330121,verified account,10,7390134439323748369,True,nike
7395265671892094254,1721844473,A’ja Wilson doesn’t need the hype to win—she does it for her haters. #WinningIsntForEveryone #Paris2024 #Olympics,"winningisntforeveryone,paris2024,olympics",208464585232822272,nike,43914,980,30,22,92,user,nike,2026-04-04 00:26:09,1775233569,Just Do It.,8330121,verified account,12,7390135367012567056,True,nike
7395233773429968174,1721837046,Giannis Antetokounmpo knows you have to work for what you want. #WinningIsntForEveryone #Paris2024 #Olympics,"winningisntforeveryone,paris2024,olympics",208464585232822272,nike,41910,1393,33,33,166,user,nike,2026-04-04 00:26:12,1775233572,Just Do It.,8329770,verified account,9,7390134949070538769,True,nike
7395063002174704938,1721797287,"Betina Gozo, Nike trainer, shows us how she wins through her training routine. #WinningIsntForEveryone ",winningisntforeveryone,208464585232822272,nike,30076,481,20,33,54,user,nike,2026-04-04 00:26:12,1775233572,Just Do It.,8329770,verified account,12,7390863412560447489,True,nike
7395026569565162798,1721788801,"Every minute counts in the gym with Nike trainer, Tara Nicolas. Show us what your winning mentality looks like. #WinningIsntForEveryone ",winningisntforeveryone,208464585232822272,nike,30932,597,16,62,73,user,nike,2026-04-04 00:26:12,1775233572,Just Do It.,8329770,verified account,12,7390863412560447489,True,nike
7394923613641657642,1721764833,Qinwen Zheng is hungry for the win—but it’s the loss that motivates her. #WinningIsntForEveryone #Paris2024 #Olympics,"winningisntforeveryone,paris2024,olympics",208464585232822272,nike,41008,688,29,17,30,user,nike,2026-04-04 00:26:12,1775233572,Just Do It.,8329770,verified account,8,7390136225358989329,True,nike
7394892987114786091,1721757702,Qinwen Zheng is hungry for the win—but it’s the loss that motivates her. #WinningIsntForEveryone #Paris2024 #Olympics,"winningisntforeveryone,paris2024,olympics",208464585232822272,nike,31679,678,19,11,49,user,nike,2026-04-04 00:26:12,1775233572,Just Do It.,8329770,verified account,8,7390135775881873424,True,nike
7394861783732948270,1721750437,Jakob Ingebrigtsen saves his breath for the race—victory speaks for itself. #WinningIsntForEveryone #Paris2024 #Olympics,"winningisntforeveryone,paris2024,olympics",208464585232822272,nike,32889,733,20,8,56,user,nike,2026-04-04 00:26:12,1775233572,Just Do It.,8329770,verified account,8,7390132033006438401,True,nike
7394598896007187754,1721689227,Victor Wembanyama used to look up to his heroes. Now they look up to him. #WinningIsntForEveryone #Paris2024 #Olympics,"winningisntforeveryone,paris2024,olympics",208464585232822272,nike,38502,1003,29,16,86,user,nike,2026-04-04 00:26:12,1775233572,Just Do It.,8329770,verified account,10,7390494219184539664,True,nike
7394552529176087854,1721678431,Victor Wembanyama used to look up to his heroes. Now they look up to him. #WinningIsntForEveryone #Paris2024 #Olympics,"winningisntforeveryone,paris2024,olympics",208464585232822272,nike,30910,947,31,6,63,user,nike,2026-04-04 00:26:12,1775233572,Just Do It.,8329770,verified account,10,7390494725080320017,True,nike
7394521708163648814,1721671256,Bebe Vio doesn’t let anything get in the way of a win. #WinningIsntForEveryone #Paris2024 #Paralympics,"winningisntforeveryone,paris2024,paralympics",208464585232822272,nike,30363,671,29,7,31,user,nike,2026-04-04 00:26:12,1775233572,Just Do It.,8329770,verified account,10,7390134439323748369,True,nike
7394490679939976491,1721664033,Bebe Vio doesn’t let anything get in the way of a win. #WinningIsntForEveryone #Paris2024 #Paralympics,"winningisntforeveryone,paris2024,paralympics",208464585232822272,nike,24952,572,21,5,30,user,nike,2026-04-04 00:26:16,1775233576,Just Do It.,8329769,verified account,10,7390133034404513809,True,nike
7394150417330048302,1721584809,"For Ixhelt González, only first place will do. #WinningIsntForEveryone #Paris2024 #Paralympics","winningisntforeveryone,paris2024,paralympics",208464585232822272,nike,32732,589,26,14,35,user,nike,2026-04-04 00:26:16,1775233576,Just Do It.,8329769,verified account,10,7390131541554546704,True,nike
7394119571491392810,1721577628,"For Serena Williams, winning isn’t chance. It’s choice. #WinningIsntForEveryone #Paris2024 #Olympics","winningisntforeveryone,paris2024,olympics",208464585232822272,nike,25704,647,19,26,65,user,nike,2026-04-04 00:26:16,1775233576,Just Do It.,8329769,verified account,7,7390130546909743121,True,nike
7393779349918453038,1721498410,Kylian Mbappé’s ambition needs no permission. #WinningIsntForEveryone #Paris2024 #Olympics,"winningisntforeveryone,paris2024,olympics",208464585232822272,nike,63346,2684,51,56,214,user,nike,2026-04-04 00:26:16,1775233576,Just Do It.,8329769,verified account,10,7390132620519000065,True,nike
7393748324114812203,1721491189,"When it comes to the win, Sophia Smith is okay with being selfish. #WinningIsntForEveryone #Paris2024 #Olympics ","winningisntforeveryone,paris2024,olympics",208464585232822272,nike,33892,802,23,12,57,user,nike,2026-04-04 00:26:16,1775233576,Just Do It.,8329769,verified account,7,7390862600202668048,True,nike
7393408181604535594,1721411993,Even losing can’t stop LeBron—it just makes him come back better. #WinningIsntForEveryone #Paris2024 #olympics ,"winningisntforeveryone,paris2024,olympics",208464585232822272,nike,52300,2095,41,144,332,user,nike,2026-04-04 00:26:16,1775233576,Just Do It.,8329769,verified account,12,7390863412560447489,True,nike
7392977254667668779,1721311661,"Kobe’s desire to win, meant he would do whatever was needed to get the W. #WinningIsntForEveryone",winningisntforeveryone,208464585232822272,nike,75101,3339,73,220,591,user,nike,2026-04-04 00:26:16,1775233576,Just Do It.,8329769,verified account,15,7392977229363317547,True,nike
7391925102914391338,1721066690,"It takes trial and error to craft the perfect shoe for @Sabrina Ionescu And in Druski’s case, lots of error. Watch the Sabrina 2 Behind the Design film now. #Sabrina2 ",sabrina2,208464585232822272,nike,143154,8957,64,84,329,user,nike,2026-04-04 00:26:16,1775233576,Just Do It.,8329769,verified account,14,7391925129330150187,True,nike
7391893795383659819,1721059401,Crafted by the dream team aka Sabrina Expert @DRUSKI and Footwear Expert Ben. Druski and Nike designer Ben Nethongkome cooked up some new features for the Sabrina 2. It got wild. Sabrina 2 available now #Sabrina2,sabrina2,208464585232822272,nike,200324,17626,51,269,636,user,nike,2026-04-04 00:26:16,1775233576,Just Do It.,8329769,verified account,107,7391893829516823339,True,nike
7391522135644146987,1720972869,"Cheering on @Anna Cockrell from start to finish, @Jeremiah one and five caught up with the track star in between every milestone and personal best at the Olympic Trials #NikeRunning ",nikerunning,208464585232822272,nike,45253,959,37,10,46,user,nike,2026-04-04 00:26:16,1775233576,Just Do It.,8329769,verified account,85,7391522190425901870,True,nike
7390780211257773355,1720800121,@Sabrina Ionescu is always money from long range 🔥. That’s what happens when you have Cushlon 3.0 strapped to your feet. The #Sabrina 2 was crafted for you to go all day #SabrinaIonescu ,"sabrina,sabrinaionescu",208464585232822272,nike,1395434,77089,418,1422,3675,user,nike,2026-04-04 00:26:19,1775233579,Just Do It.,8329769,verified account,21,7390780229532371758,True,nike
7389296166749343019,1720454589,"Nike Air. So much energy return, you can bounce an egg off it and it won’t crack. 🥚 We put it in our top performance shoes to help you win—just think of what this means for your next race, match, or game. #WinOnAir #Eggs ","winonair,eggs",208464585232822272,nike,102892,2010,58,54,101,user,nike,2026-04-04 00:26:19,1775233579,Just Do It.,8329769,verified account,31,7389296178221288234,True,nike
7387424529607413035,1720018814,"Nike Air. Innovation that fuels wins. With Air Zoom units delivering exceptional energy return, get ready to dominate every track, court, and pitch. #WinOnAir ",winonair,208464585232822272,nike,214293,10185,165,345,708,user,nike,2026-04-04 00:26:19,1775233579,Just Do It.,8329769,verified account,15,7387424538448988970,True,nike
7387166282413509930,1719958688,"When the women wear this jacket, I want them to feel their most powerful”  – @SAMI MIRO  Designer and former gymnast, Sami Miro, created the team jackets for the 2024 Women’s USA Gymnastics Olympic Trials. Inspired by her experiences and Nike, the Goddess of Victory, the jackets feature signature @samimirovintage open seam lines and leather details.  This historic collaboration marks Nike and @USA Gymnastics’s first collaboration with a designer for bespoke jackets, gearing up this team for the world stage with style.",,208464585232822272,nike,62083,952,47,35,86,user,nike,2026-04-04 00:26:19,1775233579,Just Do It.,8329769,verified account,43,7387166305327729451,True,nike
7385692936375192875,1719615644,"Jeremiah Fennell caught up with one of the fastest women in the world, Sha'Carri Richardson, at Hayward Field. #NikeRunning",nikerunning,208464585232822272,nike,216478,8663,241,184,338,user,nike,2026-04-04 00:26:19,1775233579,Just Do It.,8329769,verified account,75,7385692942800866091,True,nike
7384574913333677358,1719355335,Sport 🤝 Fashion. Our #NikeWomen collective sound off on all things style in #Paris. ,"nikewomen,paris",208464585232822272,nike,98319,1009,57,38,72,user,nike,2026-04-04 00:26:19,1775233579,Just Do It.,8329769,verified account,25,7384574923731159851,True,nike
7384440964988898603,1719324156,The #Sabrina2 is crafted for hoopers of all ages who put in the work like @Sabrina Ionescu. Shop now in North America. Available globally June 28.  #NikeBasketball #NYLiberty ,"sabrina2,nikebasketball,nyliberty",208464585232822272,nike,79314,3408,72,68,192,user,nike,2026-04-04 00:26:19,1775233579,Just Do It.,8329769,verified account,22,7384441004872665902,True,nike
7384161990832426283,1719259198,Looks on looks on looks from our #nikewomen in #Paris. Ready to set the summer of sport ablaze. 🔥☀️ ,"nikewomen,paris",208464585232822272,nike,54851,1420,42,53,85,user,nike,2026-04-04 00:26:19,1775233579,Just Do It.,8329769,verified account,13,7384162025046575918,True,nike
7384100203818650922,1719244810,"Wake up, get better. @Vini Jr. has unlocked something special that separates those at the top from everyone else. Awaken Your Madness. #NikeFootball ",nikefootball,208464585232822272,nike,91999,4964,57,115,344,user,nike,2026-04-04 00:26:19,1775233579,Just Do It.,8329769,verified account,15,7384100217677531950,True,nike
7381533669837557034,1718647244,"Encore! For Kylian Mbappe, relentless repetition is the key to greatness. Awaken Your Madness #NikeFootball",nikefootball,208464585232822272,nike,389224,22352,169,527,1436,user,nike,2026-04-04 00:26:19,1775233579,Just Do It.,8329769,verified account,15,7381533681422240558,True,nike
7381502567827705131,1718640007,@Sky Brown doing Sky Brown things. #NikeSB  📸: Tim Aguilar,nikesb,208464585232822272,nike,74693,2170,44,31,105,user,nike,2026-04-04 00:26:23,1775233583,Just Do It.,8330120,verified account,10,7362317730454308880,True,nike
7380806814121594155,1718478008,Rain and pain? No problem. Erling Haaland knows a little madness goes a long way. Awaken Your Madness. #NikeFootball,nikefootball,208464585232822272,nike,132238,7208,97,144,467,user,nike,2026-04-04 00:26:23,1775233583,Just Do It.,8330120,verified account,15,7380806828571036458,True,nike
7380760752736455979,1718467282,"Don’t get dizzy now. 🤣 Bounce, speed, and a sprinkle of magic.✨  Dropping June 25 in North America and June 28 for the rest of the world. Hit the link in bio to get notified. #Sabrina2 #SabrinaIonescu #NYLiberty","sabrina2,sabrinaionescu,nyliberty",208464585232822272,nike,1246030,124669,482,4670,6456,user,nike,2026-04-04 00:26:23,1775233583,Just Do It.,8330120,verified account,21,7380760773141875499,True,nike
7380389396551421226,1718380821,Hit the link in our bio to watch @Sky Brown’s new POGO Plus part. #NikeSB,nikesb,208464585232822272,nike,108916,3956,36,20,113,user,nike,2026-04-04 00:26:23,1775233583,Just Do It.,8330120,verified account,24,6888502248050001922,True,nike
7380018345199914283,1718294427,@Sky Brown battles for clips just like the rest of us 😮‍💨. Watch the full part at the link in our bio #NikeSB ,nikesb,208464585232822272,nike,154374,7426,55,38,189,user,nike,2026-04-04 00:26:23,1775233583,Just Do It.,8330120,verified account,22,7380018364892089131,True,nike
7378533828207332651,1717948787,The icon is back. Run in Pegasus 41. ⚡️ #nikerunning #Pegasus ,"nikerunning,pegasus",208464585232822272,nike,182156,3244,96,68,179,user,nike,2026-04-04 00:26:23,1775233583,Just Do It.,8330120,verified account,30,7378533838231767851,True,nike
7377791833268555051,1717776026,There’s only 1️⃣ Sue. Sue Bird: In The Clutch is now streaming on Netflix. #NikeBasketball #Netflix #InTheClutch #Hooper #SueBird ,"nikebasketball,netflix,intheclutch,hooper,suebird",208464585232822272,nike,169487,4154,113,37,152,user,nike,2026-04-04 00:26:23,1775233583,Just Do It.,8330120,verified account,15,7293145962955360257,True,nike
7377131175069895979,1717622204,"Don’t waste your energy. Run in Pegasus 41, launching today. #Pegasus #nikerunning","pegasus,nikerunning",208464585232822272,nike,866063,66688,2645,2086,7812,user,nike,2026-04-04 00:26:23,1775233583,Just Do It.,8330120,verified account,24,7168168515159984130,True,nike
7375565967859911978,1717257777,"Introducing the #NikeJam, the first Nike shoe created for breaking. Crafted with the community, renowned b-girl @Logistx takes us behind the design.",nikejam,208464585232822272,nike,170373,2367,183,62,155,user,nike,2026-04-04 00:26:23,1775233583,Just Do It.,8330120,verified account,46,7375565982582049578,True,nike
7374829361616260395,1717086272,How much do you know your breaking history? 👀 @Logistx drops some of her favorite moments in the history of the sport. Tell us your favorite moments in the comments ➡️,,208464585232822272,nike,122903,1920,56,28,132,user,nike,2026-04-04 00:26:23,1775233583,Just Do It.,8330120,verified account,36,7247344660485146625,True,nike
7374127404492639534,1716922835,"Asking @Logistx some questions about the Nike Jam, breaking and more...👀",,208464585232822272,nike,102649,1316,31,21,67,user,nike,2026-04-04 00:26:27,1775233587,Just Do It.,8329768,verified account,44,7226797903728986113,True,nike
7372967714727447850,1716652824,On set with @Logistx as she unboxes the Nike Jam. A shoe made for breakers by breakers coming in 3 different colorways July 2024 🔥,,208464585232822272,nike,132696,1405,58,83,110,user,nike,2026-04-04 00:26:27,1775233587,Just Do It.,8329768,verified account,37,7362317730454308880,True,nike
7372596667909950762,1716566434,A delivery like no other ✈️ from football legend @Ronaldinho 🧳 @salmaparalluelo is ready for some mad brilliance ✨ #NikeFootball,nikefootball,208464585232822272,nike,113818,6545,90,79,274,user,nike,2026-04-04 00:26:27,1775233587,Just Do It.,8329768,verified account,11,7372596697786026794,True,nike
7371461177844501802,1716302062,"Watch Where We’re Going ➡️ It's not where you're from that defines you, it's what you do. Supporting a team that defines true resilience, the Refugee Olympic Team. ",,208464585232822272,nike,92996,1704,44,72,112,user,nike,2026-04-04 00:26:27,1775233587,Just Do It.,8329768,verified account,60,7371461205682178859,True,nike
7367811968503123242,1715452414,A’MAJORRRRRR Announcement. More at ofcourseihaveashoe.com 👀,,208464585232822272,nike,267174,5928,154,81,208,user,nike,2026-04-04 00:26:27,1775233587,Just Do It.,8329768,verified account,14,7367812026262981419,True,nike
7367107716361260334,1715288439,Question of the day ft. Nike Hoop Summit Men's and Women's USA teams 🏀❓,,208464585232822272,nike,121294,2879,66,18,125,user,nike,2026-04-04 00:26:27,1775233587,Just Do It.,8329768,verified account,25,7276580485231560705,True,nike
7366752173222415658,1715205663,Customizing some AF1s with our Nike Hoop Summit Teams 😮‍💨,,208464585232822272,nike,99063,3421,68,61,255,user,nike,2026-04-04 00:26:27,1775233587,Just Do It.,8329768,verified account,71,7366752213273742123,True,nike
7365916981297548586,1715011212,#ErlingHaaland is a true force of nature—to the point that nature trains with him. 😤🐻 ,erlinghaaland,208464585232822272,nike,104408,2220,65,61,135,user,nike,2026-04-04 00:26:27,1775233587,Just Do It.,8329768,verified account,30,7365917057512262446,True,nike
7363775595366436139,1714512625,@3 takes us through his day at Nike World Headquarters for our annual Nike Hoop Summit 🏀🔥,,208464585232822272,nike,142747,2923,63,105,191,user,nike,2026-04-04 00:26:27,1775233587,Just Do It.,8329768,verified account,54,7363775660529863466,True,nike
7358912793887706411,1713380432,Asking our world team athletes at the annual Nike Hoop Summit what their pre-game rituals are...👀 #Nike #Basketball #HoopSummit ,"nike,basketball,hoopsummit",208464585232822272,nike,193965,1929,101,58,110,user,nike,2026-04-04 00:26:30,1775233590,Just Do It.,8329768,verified account,30,6888502248050001922,True,nike
7356695293703818538,1712864122,"Dressed for the occasion in Air Max Dn 🫧, athletes are arriving in Paris for the #NikeOnAir event. Hit the link in bio to shop their looks.",nikeonair,208464585232822272,nike,150631,2492,112,153,176,user,nike,2026-04-04 00:26:30,1775233590,Just Do It.,8329768,verified account,33,7356695389279603502,True,nike
7355566795228515630,1712601382,The total eclipse has just begun. 🌕🌖🌗🌘🌑,,208464585232822272,nike,1221252,157120,498,3726,7571,user,nike,2026-04-04 00:26:30,1775233590,Just Do It.,8329768,verified account,44,7355566929869966122,True,nike
7354028221177875758,1712243158,Come on a run with Gabi in the Alphafly 3 🏃‍♀️ #NikeRunning #alphafly,"nikerunning,alphafly",208464585232822272,nike,212869,6497,118,184,305,user,nike,2026-04-04 00:26:30,1775233590,Just Do It.,8329768,verified account,18,7354028367814986539,True,nike
7353671102503177515,1712160019,"Ja Morant, through Matthew M. Williams’ lens. 📸 The MMW #Yoga collection launches 4.4.",yoga,208464585232822272,nike,91748,2294,68,73,165,user,nike,2026-04-04 00:26:30,1775233590,Just Do It.,8329768,verified account,16,7353671314663689002,True,nike
7353393282153467179,1712095299,"After ensuring every single aspect of the set is taken care of, #EnyaUmanzor wraps up her journey on the set of the #AirMaxDn campaign. We appreciate her partnership.","enyaumanzor,airmaxdn",208464585232822272,nike,295377,26121,169,397,969,user,nike,2026-04-04 00:26:30,1775233590,Just Do It.,8329768,verified account,57,7353393325128420139,True,nike
7353346601848491306,1712084436,#EnyaUmanzor styles looks for you on the set of the latest #AirMaxDn campaign. Stay tuned for chapter 5.,"enyaumanzor,airmaxdn",208464585232822272,nike,219597,8349,89,155,383,user,nike,2026-04-04 00:26:30,1775233590,Just Do It.,8329768,verified account,56,7353346670546930474,True,nike
7353300219733282090,1712073632,#EnyaUmanzor kindly gives us advice on how to style the #AirMaxDn. 👟 Chapter 4 coming soon.,"enyaumanzor,airmaxdn",208464585232822272,nike,249315,22530,123,368,804,user,nike,2026-04-04 00:26:30,1775233590,Just Do It.,8329768,verified account,60,7353300257926908715,True,nike
7352990994121362731,1712001634,"After getting exclusive access to the set 🎥, #EnyaUmanzor takes us behind the scenes of some of the stunt work in the new #AirMaxDn campaign. Stay tuned for chapter 3.","enyaumanzor,airmaxdn",208464585232822272,nike,307682,37765,230,871,1571,user,nike,2026-04-04 00:26:30,1775233590,Just Do It.,8329768,verified account,52,7352991036399946542,True,nike
7352929118251388203,1711987230,We invited #EnyaUmanzor to the set of the new #AirMaxDn campaign to give her perspective on the situation. Stay tuned for chapter 2. 👀,"enyaumanzor,airmaxdn",208464585232822272,nike,491924,66526,657,2129,2442,user,nike,2026-04-04 00:26:30,1775233590,Just Do It.,8329768,verified account,57,7352929183342873390,True,nike
7352202822525439275,1711818137,@Serenawilliams works with the best in the biz. Introducing the brains behind #SWDC. Check out how these LA designers wear the collection from dusk til dawn ☁️➡️🌥️➡️☀️ #SWDC #SerenaWilliamsDesignCrew #SerenaWilliams  📸 @meeshamoiana  @Naheemah | Fashion Designer  ✨  @La Sana Sana  @Tiffany Vega ,"swdc,swdc,serenawilliamsdesigncrew,serenawilliams",208464585232822272,nike,120178,1776,106,60,128,user,nike,2026-04-04 00:26:34,1775233594,Just Do It.,8329769,verified account,15,7247571446430468097,True,nike
7351862211385642283,1711738845,BTS of how we captured Erling Haaland’s Phantom Player Edition emerging from the Norwegian Sea 🌊 #Phantom #NikeFootball  ,"phantom,nikefootball",208464585232822272,nike,162731,9600,59,66,280,user,nike,2026-04-04 00:26:34,1775233594,Just Do It.,8329769,verified account,20,7351862358957919022,True,nike
7350439634033184042,1711407614,"Swipe to step into Dynamic Land 🎢 From #Paris to everywhere, the unreal world of #AirMaxDn is taking over the globe 🌏","paris,airmaxdn",208464585232822272,nike,163905,3793,76,29,147,user,nike,2026-04-04 00:26:34,1775233594,Just Do It.,8329769,verified account,0,7278799344501164033,True,nike
7350362285900156203,1711389618,Always be ready for a fit check 😵‍💫 #AirMaxDn was made for motion—literally.,airmaxdn,208464585232822272,nike,78107,2468,30,29,106,user,nike,2026-04-04 00:26:34,1775233594,Just Do It.,8329769,verified account,16,7350362439517145898,True,nike
7349991241850883370,1711303215,Dynamic Land #Paris attendees had some of the first hands-on access to the upcoming #AirMaxDn. Get yours on March 26th.,"paris,airmaxdn",208464585232822272,nike,150905,6938,60,153,262,user,nike,2026-04-04 00:26:34,1775233594,Just Do It.,8329769,verified account,9,7349991341981518634,True,nike
7349960365578390827,1711296018,What if you could feel the unreal… for real? Welcome to Dynamic Land - a new dimension inspired by the #AirMaxDn. 🟣 🟣 🟣 🟣. Enjoy the ride.,airmaxdn,208464585232822272,nike,61269,1714,16,23,67,user,nike,2026-04-04 00:26:34,1775233594,Just Do It.,8329769,verified account,11,7349960434272832298,True,nike
7349589244102380843,1711209622,Wake up ➡️ Dreamspeed ⚡️ Repeat 🔁 #NikeFootball #Mecurial #MercurialDreamSpeed ,"nikefootball,mecurial,mercurialdreamspeed",208464585232822272,nike,142288,8974,78,62,356,user,nike,2026-04-04 00:26:34,1775233594,Just Do It.,8329769,verified account,12,6618871733141113604,True,nike
7348476012516117802,1710950437,🚄 or 🚲? Discover the origin story of the #AirMax97 ,airmax97,208464585232822272,nike,193109,7416,146,170,411,user,nike,2026-04-04 00:26:34,1775233594,Just Do It.,8329769,verified account,28,7348476164857613102,True,nike
7348104908844961066,1710864009,Was the #AirMax95 inspired by human anatomy? 🫀🦴 ,airmax95,208464585232822272,nike,92596,3519,43,52,178,user,nike,2026-04-04 00:26:34,1775233594,Just Do It.,8329769,verified account,26,7348104965585505067,True,nike
7347733699611479339,1710777613,Does the #AirMax93 have anything to do with milk jugs? 🤔,airmax93,208464585232822272,nike,94455,1637,31,35,101,user,nike,2026-04-04 00:26:34,1775233594,Just Do It.,8329769,verified account,28,7347733894508055342,True,nike
7346258611884281134,1710434137,What word are you adding to your vocabulary? 🤔  #nikeinvincible3 #nikerunning ,"nikeinvincible3,nikerunning",208464585232822272,nike,138488,2791,47,40,98,user,nike,2026-04-04 00:26:38,1775233598,Just Do It.,8330120,verified account,16,7346258666674391854,True,nike
7345136126019030314,1710172810,The energy at Nike Well Festival #London was high 📈 What's giving you energy today? Let us know in the comments👇,london,208464585232822272,nike,61057,1187,18,34,75,user,nike,2026-04-04 00:26:38,1775233598,Just Do It.,8330120,verified account,33,7181048595552929793,True,nike
7344401532802075947,1710001744,Come and explore Precision on Point Barcelona with @Alexia Putellas 👀 #nikefootball,nikefootball,208464585232822272,nike,82942,2135,32,42,164,user,nike,2026-04-04 00:26:38,1775233598,Just Do It.,8330120,verified account,13,7230735760989849602,True,nike
7343667248592145707,1709830811,Of course we’re gonna tune in to #AirTime on March 7th when the @Phoenix Suns take on the @Raptors. Hit the link in bio to become a Nike x NBA ID Member,airtime,208464585232822272,nike,85288,2874,33,22,106,user,nike,2026-04-04 00:26:38,1775233598,Just Do It.,8330120,verified account,25,7304653959367887648,True,nike
7343344052877708590,1709755565,How well do our #AirTime hosts know their trivia? 👀 #Book1 #DevinBooker ,"airtime,book1,devinbooker",208464585232822272,nike,72309,1724,22,23,74,user,nike,2026-04-04 00:26:38,1775233598,Just Do It.,8330120,verified account,90,7343344227352415022,True,nike
7343296230774066475,1709744409,Leave it to D Book to make game-winning buzzer beaters look easy 🎥☄️ Hit the link in bio to become a Nike x NBA ID Member and watch the @Phoenix Suns vs. the @Raptors the Nike way on March 7,,208464585232822272,nike,104527,4994,37,41,410,user,nike,2026-04-04 00:26:38,1775233598,Just Do It.,8330120,verified account,16,7343296317617752874,True,nike
7342941418664611114,1709661789,Wear it like you want to. @itsshacarri shows us that the possibilities are endless for styling our latest Nike x @Jacquemus collection. ,,208464585232822272,nike,45009,986,18,18,48,user,nike,2026-04-04 00:26:38,1775233598,Just Do It.,8330120,verified account,22,7342941466509052715,True,nike
7340350509716442410,1709058550,But there would be signs 👟 #Nike #Sneakers #LotteryChallenge @Josneaks ,"nike,sneakers,lotterychallenge",208464585232822272,nike,399401,42132,218,264,2512,user,nike,2026-04-04 00:26:38,1775233598,Just Do It.,8330120,verified account,0,7302500653593561898,True,nike
7339961047727525163,1708967868,Immaculate vibes on set with @itsshacarri for the latest @Jacquemus apparel collection ✨,,208464585232822272,nike,63083,1574,31,21,72,user,nike,2026-04-04 00:26:38,1775233598,Just Do It.,8330120,verified account,17,7311511800617109505,True,nike
7338206558393847083,1708559387,Jeremiah Fennel and @Giannis Antetokounmpo linked up on the carpet before the premiere of Giannis: The Marvelous Journey #NikeBasketball ,nikebasketball,208464585232822272,nike,1735976,171191,980,2421,10059,user,nike,2026-04-04 00:26:42,1775233602,Just Do It.,8329770,verified account,214,7338206701100763950,True,nike
7336349050192661803,1708126899,"Sports journalist, Jeremiah Fennell, sat down with the legendary Deion Sanders and asked him a couple of #nike questions 🔥 ",nike,208464585232822272,nike,1005034,81296,853,1108,3997,user,nike,2026-04-04 00:26:42,1775233602,Just Do It.,8329770,verified account,99,7336349161337539370,True,nike
7335874535197019438,1708016429,Challenge accepted ✅ Style the #AirMax90LV8 with @NewJeans for their birthday party 🎈,airmax90lv8,208464585232822272,nike,837531,148826,1262,1688,19053,user,nike,2026-04-04 00:26:42,1775233602,Just Do It.,8329770,verified account,126,7335874701597657902,True,nike
7333788700163214634,1707530766,A recap from last night where Jeremiah Fennell took the NFL Honors Red Carpet and interviewed some of your favorite Nike athletes. 🔥  #Nike #NFL #NFLHonors #SuperBowlLVIII  ,"nike,nfl,nflhonors,superbowllviii",208464585232822272,nike,295557,17509,305,376,633,user,nike,2026-04-04 00:26:42,1775233602,Just Do It.,8329770,verified account,173,7247207285914372098,True,nike
7333339946834578731,1707426302,"Jeremiah Fennell is taking the red carpet tonight at NFL Honors, but first we gotta make sure he’s got some 🔥 Nike swag. #Nike #NFL #SuperBowlLVIII  ","nike,nfl,superbowllviii",208464585232822272,nike,924057,78685,427,444,3872,user,nike,2026-04-04 00:26:42,1775233602,Just Do It.,8329770,verified account,88,7013588396048943105,True,nike
7332905839327497518,1707325200,@Anna Cockrell showing how runners can style on AND off the track 🏃‍♀️ #NikeInvincible3 #grwm,"nikeinvincible3,grwm",208464585232822272,nike,97833,1824,30,57,119,user,nike,2026-04-04 00:26:42,1775233602,Just Do It.,8329770,verified account,14,7293145962955360257,True,nike
7331807975709052206,1707069610,Lights 💡 moving cameras 🎥 bad angles 📐- no problem for Erling Haaland in the Phantom GX 🎯 #nikefootball #phantomgx ,"nikefootball,phantomgx",208464585232822272,nike,1089292,129168,579,1144,6406,user,nike,2026-04-04 00:26:42,1775233602,Just Do It.,8329770,verified account,14,7331808139945298734,True,nike
7330308056812735787,1706720404,5 go-to moves? For @GM the fundamentals are EVERYTHING 💥 Drop your 5 go-to moves in the conments 💬 #nikebasketball ,nikebasketball,208464585232822272,nike,102044,2316,39,113,97,user,nike,2026-04-04 00:26:42,1775233602,Just Do It.,8329770,verified account,42,7330308314519259950,True,nike
7329952464512257323,1706637585,24 seconds? More than enough time for @GM to drop 💎s in the G.T. Cut 3 #nikebasketball ,nikebasketball,208464585232822272,nike,87032,3850,25,27,105,user,nike,2026-04-04 00:26:42,1775233602,Just Do It.,8329770,verified account,28,7276580485231560705,True,nike
7329930808733502762,1706632569,POV: Precision on point 🎯 Phantom makes Erling Haaland larger than life 👀 #NikeFootball #Phantomgx #BTS ,"nikefootball,phantomgx,bts",208464585232822272,nike,670752,69533,186,347,2473,user,nike,2026-04-04 00:26:45,1775233605,Just Do It.,8330122,verified account,23,7329931056558246698,True,nike
7328082017575275819,1706202067,Jordan Poole teaching his top 5 Moves? We’re intrigued 🧑🏫 Drop your 5 go-to moves in the comments 💬,,208464585232822272,nike,1445925,143453,282,382,10778,user,nike,2026-04-04 00:26:45,1775233605,Just Do It.,8330122,verified account,23,7328082072898145066,True,nike
7327710588380138798,1706115589,24 secs with Jordan Poole? Straight entertainment #ShotClock #NikeBasketball ,"shotclock,nikebasketball",208464585232822272,nike,1527933,208591,610,2042,17088,user,nike,2026-04-04 00:26:45,1775233605,Just Do It.,8330122,verified account,38,7276580485231560705,True,nike
7327339397026762030,1706029205,@Jordan Poole stays camera ready 👀,,208464585232822272,nike,305182,31199,69,177,2120,user,nike,2026-04-04 00:26:45,1775233605,Just Do It.,8330122,verified account,31,7327339639893723946,True,nike
7326227081220869422,1705770203,Top bin challenge with Erling Haaland 👀 🎯 #NikeFootball #precision #phantomgx ,"nikefootball,precision,phantomgx",208464585232822272,nike,11934402,1469583,2121,5642,60048,user,nike,2026-04-04 00:26:45,1775233605,Just Do It.,8330122,verified account,12,7326227238658722603,True,nike
7325855304107773227,1705683618,@Deyna Castellanos is too precise 😮‍💨🎯 #NikeFootball #phantomluna #precision ,"nikefootball,phantomluna,precision",208464585232822272,nike,676707,87865,490,1127,2713,user,nike,2026-04-04 00:26:45,1775233605,Just Do It.,8330122,verified account,10,7325855356326775594,True,nike
7322902068526681386,1704996012,Built for Quick Cuts ✂️ The G.T. Cut 3 is available globally January 13 💨 Tap the link to get notified. #nikebasketball,nikebasketball,208464585232822272,nike,3404823,132499,11628,1082,6412,user,nike,2026-04-04 00:26:45,1775233605,Just Do It.,8330122,verified account,9,7322902110490790702,True,nike
7321404318010314030,1704647309,"Reporting live, @Jeannette Reyes gives us all the updates from the Early Walker Summit, featuring the Nike Swoosh 1 👀",,208464585232822272,nike,171817,4037,41,149,158,user,nike,2026-04-04 00:26:45,1775233605,Just Do It.,8330122,verified account,40,7321404468640467754,True,nike
7316578915223457066,1703523786,He defined it every damn day. Now it’s your turn. Show us your Mamba Mentality. #ThatsMamba ,thatsmamba,208464585232822272,nike,402119,24743,199,342,3553,user,nike,2026-04-04 00:26:45,1775233605,Just Do It.,8330122,verified account,45,7316578970349095723,True,nike
7312242775217458474,1702514205,Which #NikeBasketball signature model are you rocking with?  Some hoopers showed 🆙 at the Courtyard Class during #ArtBasel  #booker #kd #lebron #sabrinaionescu #giannis #ja ,"nikebasketball,artbasel,booker,kd,lebron,sabrinaionescu,giannis,ja",208464585232822272,nike,522224,14324,259,293,1129,user,nike,2026-04-04 00:26:45,1775233605,Just Do It.,8330122,verified account,11,7239111762301306881,True,nike
7312194067432131886,1702502872,"""Stay true to yourself. #yougotthis"" - @A’ja Wilson ",yougotthis,208464585232822272,nike,195467,3082,62,22,99,user,nike,2026-04-04 00:26:49,1775233609,Just Do It.,8330122,verified account,18,7279146842729121794,True,nike
7310665826506493226,1702147045,We asked dancers at #OwnTheFloor #Paris to express themselves in one move. Which one are you? Tell us in the comments ⤵️,"ownthefloor,paris",208464585232822272,nike,558272,6072,159,126,261,user,nike,2026-04-04 00:26:49,1775233609,Just Do It.,8330122,verified account,13,7237964975636007723,True,nike
7308921120458329390,1701740819,@Mounia Nassangar scaring them away with 🔥 moves they won’t be able to battle…😎 #DanceBattle #OwnTheFloor #Nike #Paris ,"dancebattle,ownthefloor,nike,paris",208464585232822272,nike,457161,11696,215,147,386,user,nike,2026-04-04 00:26:49,1775233609,Just Do It.,8330122,verified account,9,7097905048067377921,True,nike
7308567456820366635,1701658479,View’s better from up here. Parisian dancer Soleila and her crew getting ready to bring their expression of #Flamenco and #Voguing to the floor at #OwnTheFloor #Paris ❤️‍🔥,"flamenco,voguing,ownthefloor,paris",208464585232822272,nike,327577,8722,84,35,239,user,nike,2026-04-04 00:26:49,1775233609,Just Do It.,8330122,verified account,11,7299391039054351110,True,nike
7307301261810912555,1701363678,Olivia Moultrie says it's never too far #YouGotThis ,yougotthis,208464585232822272,nike,270963,3683,79,27,161,user,nike,2026-04-04 00:26:49,1775233609,Just Do It.,8330122,verified account,18,7279146842729121794,True,nike
7306266825745091883,1701122828,"❄️❄️❄️ Satisfying sounds you won’t hear, if you skip your winter run 😏 #NikeRunning #WinterRuns #AllWeatherConditions #ASMR ","nikerunning,winterruns,allweatherconditions,asmr",208464585232822272,nike,297401,13985,88,54,349,user,nike,2026-04-04 00:26:49,1775233609,Just Do It.,8330122,verified account,8,7306268067917482794,True,nike
7306219159812328750,1701111735,What do you wear to keep your winter runs going? 🤔 #NikeRunning #WinterRuns #AllWeatherConditions ,"nikerunning,winterruns,allweatherconditions",208464585232822272,nike,217512,3404,62,59,180,user,nike,2026-04-04 00:26:49,1775233609,Just Do It.,8330122,verified account,18,7278730214741706754,True,nike
7306188098214317354,1701104495,Icy and wet conditions? Grab those Nike Infinity Gore-Tex and head outside. 👀 #NikeRunning #WinterRuns #AllWeatherConditions,"nikerunning,winterruns,allweatherconditions",208464585232822272,nike,180182,3536,69,64,202,user,nike,2026-04-04 00:26:49,1775233609,Just Do It.,8330122,verified account,18,7276580485231560705,True,nike
7305448378874285354,1700932261,Nike x @NBA? Yessir. 🤝 Get the scoop ahead of Air Time — Tipping off Tuesday 11.28 on the NBA App for all North America Nike x NBA ID Members. 📣📣📣  ,,208464585232822272,nike,151813,2066,51,119,71,user,nike,2026-04-04 00:26:49,1775233609,Just Do It.,8330122,verified account,47,7305448430112033582,True,nike
7304486982103633194,1700708421,Let’s see if #progolfer Tony Finau can name that sneaker…🧐 ,progolfer,208464585232822272,nike,152120,2295,55,18,91,user,nike,2026-04-04 00:26:49,1775233609,Just Do It.,8330122,verified account,33,7191938965530740738,True,nike
7304046449116024110,1700605855,Replying to @𝐏𝐌 ☆ We had a little surprise for Tony Finau at #Complexcon 👀 #grinches #kobereversegrinches #kobegrinches  ,"complexcon,grinches,kobereversegrinches,kobegrinches",208464585232822272,nike,157963,5023,89,72,204,user,nike,2026-04-04 00:26:53,1775233613,Just Do It.,8329772,verified account,45,7304046525963963178,True,nike
7303677719751953706,1700520000,"We sat down with pro golfer, Tony Finau, at #Complexcon and had him answer some rapid fire questions…👀🔥",complexcon,208464585232822272,nike,100332,1256,43,104,45,user,nike,2026-04-04 00:26:53,1775233613,Just Do It.,8329772,verified account,67,7133240347991214081,True,nike
7302878903536962862,1700334013,What’s your favorite nature sound in the running zen zone? 😌 #NikeRunning #WinterRuns #AllWeatherConditions #ASMR ,"nikerunning,winterruns,allweatherconditions,asmr",208464585232822272,nike,142084,4773,83,130,161,user,nike,2026-04-04 00:26:53,1775233613,Just Do It.,8329772,verified account,12,7302878956208933674,True,nike
7302848017483222315,1700326820,Why should the Nike Pegasus Shield be your go-to winter running shoe? 💡Link in bio to shop #NikeRunning #WinterRuns #AllWeatherConditions,"nikerunning,winterruns,allweatherconditions",208464585232822272,nike,104945,1910,39,36,96,user,nike,2026-04-04 00:26:53,1775233613,Just Do It.,8329772,verified account,19,7150617704271972354,True,nike
7301332919061073195,1699974053,@Aitana Bonmatí deserves boots that match with being the best player in the world 🏅✨ What do you think of these special 1 of 1 boots? 👀 #NikeFootball #Soccer #WomensFootball,"nikefootball,soccer,womensfootball",208464585232822272,nike,346996,20479,154,169,844,user,nike,2026-04-04 00:26:53,1775233613,Just Do It.,8329772,verified account,13,7301332942947650346,True,nike
7299531684800630058,1699554674,Asking the B-Girls some questions while they chill on set. #Paris2024 #Roadtoparis2024 #Olympics ,"paris2024,roadtoparis2024,olympics",208464585232822272,nike,141579,1974,199,26,92,user,nike,2026-04-04 00:26:53,1775233613,Just Do It.,8329772,verified account,51,7299531733274200875,True,nike
7299155577228332331,1699467118,Our #christmaslist 🎄,christmaslist,208464585232822272,nike,364722,35603,186,146,1559,user,nike,2026-04-04 00:26:53,1775233613,Just Do It.,8329772,verified account,0,7134730990949255942,True,nike
7298798394670173486,1699383938,An inside look on what a #DayInTheLife on set of a #nike #dance campaign is like! ,"dayinthelife,nike,dance",208464585232822272,nike,88931,2443,44,31,103,user,nike,2026-04-04 00:26:53,1775233613,Just Do It.,8329772,verified account,32,7298798416296151854,True,nike
7298384536008822062,1699287597,Cap 🧢 or no cap 🚫🧢 with the #LebronXXI #nikebasketball ,"lebronxxi,nikebasketball",208464585232822272,nike,315925,14329,68,73,584,user,nike,2026-04-04 00:26:53,1775233613,Just Do It.,8329772,verified account,60,7063123114137225217,True,nike
7297270578405297450,1699028226,Let’s see if these #voguers can learn The Network…👀,voguers,208464585232822272,nike,106152,1430,96,18,47,user,nike,2026-04-04 00:26:53,1775233613,Just Do It.,8329772,verified account,36,7297270643156912938,True,nike
7297060526851460395,1698979307,Replying to @Abby Mangum @Dereck the literal dinosaur encyclopedia 🤯.,,208464585232822272,nike,67111,1443,49,20,69,user,nike,2026-04-04 00:26:57,1775233617,Just Do It.,8330125,verified account,23,7297060554266102571,True,nike
7296956387593030955,1698955071,Our rookie class is looking NICE! 👌 #nikebasketball ,nikebasketball,208464585232822272,nike,68765,2643,71,111,219,user,nike,2026-04-04 00:26:57,1775233617,Just Do It.,8330125,verified account,45,6816009995457465094,True,nike
7296898122742172974,1698941498,Nike x #NBA City Edition is here! 😤 What city are you repping?,nba,208464585232822272,nike,62352,2159,46,27,85,user,nike,2026-04-04 00:26:57,1775233617,Just Do It.,8330125,verified account,17,7155896022311521067,True,nike
7296657855556488491,1698885554,Get up and try this #dancestep with us! 🪩,dancestep,208464585232822272,nike,53096,1077,64,17,45,user,nike,2026-04-04 00:26:57,1775233617,Just Do It.,8330125,verified account,59,7296657877338983214,True,nike
7296525292095540522,1698854695,Sir Charles Barkley breaks down this cruising champ’s first step in the new Nike Swoosh 1.,,208464585232822272,nike,66374,1446,53,82,85,user,nike,2026-04-04 00:26:57,1775233617,Just Do It.,8330125,verified account,50,7296525353646967594,True,nike
7296195731503861035,1698777970,Make ghosting a daily habit 🏋️‍♀️⛹️‍♀️ #halloween #ghosttok ,"halloween,ghosttok",208464585232822272,nike,53303,1682,43,29,66,user,nike,2026-04-04 00:26:57,1775233617,Just Do It.,8330125,verified account,24,6820104231995919109,True,nike
7296155292260191530,1698768550,Let us know in the comments who’s who…👀 #breakdancers #afrodancers  ,"breakdancers,afrodancers",208464585232822272,nike,49024,1689,23,5,52,user,nike,2026-04-04 00:26:57,1775233617,Just Do It.,8330125,verified account,13,7296155358064560938,True,nike
7295864236146707754,1698700775,The best in the world 👀 👏. Congrats @Aitana Bonmatí on your Ballon D’or Win #NikeFootball ,nikefootball,208464585232822272,nike,541242,43049,262,336,2345,user,nike,2026-04-04 00:26:57,1775233617,Just Do It.,8330125,verified account,14,7295864259320269614,True,nike
7294746451421302059,1698440523,Feeling unmotivated to run in the cold? 🥶 Get ready with us to stay comfortable on your winter run. 😌 #NikeRunning #WinterRuns #AllWeatherConditions,"nikerunning,winterruns,allweatherconditions",208464585232822272,nike,104279,2006,54,121,78,user,nike,2026-04-04 00:26:57,1775233617,Just Do It.,8330125,verified account,9,7109413606147508225,True,nike
7294699685455908138,1698429630,We love a headband to keep our ears warm when the air is cold. Get ready with us to brave winter weather on a chilly run. ❄️ #NikeRunning #WinterRuns #AllWeatherConditions,"nikerunning,winterruns,allweatherconditions",208464585232822272,nike,93409,2006,21,34,128,user,nike,2026-04-04 00:26:57,1775233617,Just Do It.,8330125,verified account,12,7145236373505574914,True,nike
7294668765290155306,1698422435,This is your reminder to head outside and go for a run ✌️ #NikeRunning #WinterRuns #AllWeatherConditions #NatureASMR,"nikerunning,winterruns,allweatherconditions,natureasmr",208464585232822272,nike,43551,1623,24,23,68,user,nike,2026-04-04 00:27:01,1775233621,Just Do It.,8330125,verified account,10,7294668801403145006,True,nike
7294435997352447278,1698368235,Its just #sneaker #math 👀 Let us know your sneaker math in the comments. ,"sneaker,math",208464585232822272,nike,59442,1648,32,32,111,user,nike,2026-04-04 00:27:01,1775233621,Just Do It.,8330125,verified account,30,6964692803880224770,True,nike
7294369459882528043,1698352747,@Keke sevillian had the crowd hyped for the #Nike Dunk For Dunk truck. #USC brought the hops. We brought the Dunks! Where should we pull up next?  ,"nike,usc",208464585232822272,nike,112528,6471,49,25,142,user,nike,2026-04-04 00:27:01,1775233621,Just Do It.,8330125,verified account,31,7077807599701198849,True,nike
7294060859029015851,1698280895,The #BooBasket guide you never knew you needed. Thank us later...😎,BooBasket,208464585232822272,nike,158268,9042,99,92,582,user,nike,2026-04-04 00:27:01,1775233621,Just Do It.,8330125,verified account,0,7273790471359433504,True,nike
7293989005228510506,1698264169,Nike Well Collective Trainer @Tara A Nicolas takes you through a day in the life of caring for her mental well-being. 🧠💪,,208464585232822272,nike,49447,810,20,16,46,user,nike,2026-04-04 00:27:01,1775233621,Just Do It.,8330125,verified account,46,7293989045450509102,True,nike
7292520265571978542,1697922198,"FC Barcelona Midfielder Patri Guijarro + the Tiempo 10 with soft, lightweight FlyTouch Plus 🤌 What’s not to love? #NikeFootball ",nikefootball,208464585232822272,nike,130603,4635,72,28,188,user,nike,2026-04-04 00:27:01,1775233621,Just Do It.,8330125,verified account,7,7097373632044779522,True,nike
7292475000781606187,1697911659,Testing 1-2-Zoooom ↗️ @Alphonso Davies is Peak Ready to accelerate in the Mecurial Vapor 15 with Zoom Air ⚡️ #football #NikeFootball ,"football,nikefootball",208464585232822272,nike,389247,20275,74,92,1121,user,nike,2026-04-04 00:27:01,1775233621,Just Do It.,8330125,verified account,13,7146272337422190593,True,nike
7292074866155474222,1697818491,"Introducing the Nike Dunk Low x Parris Goebel 👀 ✨ Drops Oct. 24th on Nike.com, Nike App & select retailers. ",,208464585232822272,nike,107835,3542,102,243,290,user,nike,2026-04-04 00:27:01,1775233621,Just Do It.,8330125,verified account,13,7212600172143085570,True,nike
7291438982406098219,1697670439,We brought dancers from around the world together to #OwnTheFloor and show you the power of dance. And we're just getting started...✨,ownthefloor,208464585232822272,nike,66372,1361,56,22,67,user,nike,2026-04-04 00:27:01,1775233621,Just Do It.,8330125,verified account,24,7291439005386672938,True,nike
7291360764986805547,1697652232,See what happens when the master of midfield finesse @Jamal Musiala steps on the pitch with the Tiempo 10 🎶🤌 Stay tuned 👀 #NikeFootball,nikefootball,208464585232822272,nike,100477,3898,44,102,314,user,nike,2026-04-04 00:27:01,1775233621,Just Do It.,8330125,verified account,4,7291360798067870506,True,nike
7290587721112751403,1697472252,Show us how you #OwnTheFloor 🔥 You know what to do. You’re ready for it. Enter the dance challenge by stitching this video doing your best @Natalie ☯️ moves. Dont forget to tag us ❤️‍🔥,ownthefloor,208464585232822272,nike,76797,2252,59,22,101,user,nike,2026-04-04 00:27:05,1775233625,Just Do It.,8329773,verified account,19,7290587770907527978,True,nike
7290031508054707502,1697342744,"Master your #golf swing with these tips from golf pro, Tom Kim. 🔥⛳️",golf,208464585232822272,nike,98443,2554,21,59,446,user,nike,2026-04-04 00:27:05,1775233625,Just Do It.,8329773,verified account,85,6817342688401033218,True,nike
7289877689090198830,1697306926,Lace your boots up and hit the pitch. Do you have faster footwork ⚽ 💨 than @Dom Short? #NikeFootball #NikeFC ,"nikefootball,nikefc",208464585232822272,nike,97121,5683,35,36,210,user,nike,2026-04-04 00:27:05,1775233625,Just Do It.,8329773,verified account,13,7289877703254117166,True,nike
7289611347757681962,1697244915,"We asked #golfpro, Tom Kim, the most googled questions about him, and these were his answers…👀🏌️‍♂️",golfpro,208464585232822272,nike,93727,3404,28,53,124,user,nike,2026-04-04 00:27:05,1775233625,Just Do It.,8329773,verified account,25,7221038239452006401,True,nike
7289497516737858858,1697218407,#TomKim tells us whats on his Nike Unpacked List 👀⛳️ Snag some of these picks for yourself so you can dress like the #golf pros! ,"tomkim,golf",208464585232822272,nike,44658,1179,22,8,42,user,nike,2026-04-04 00:27:05,1775233625,Just Do It.,8329773,verified account,68,7090989235536136194,True,nike
7287784924231355690,1696819671,"Nike Well Collective Trainer, Mckenna Thornlow, shares some #pilates tips for anyone in their #pilatesera 😌🧘‍♀️","pilates,pilatesera",208464585232822272,nike,90370,937,67,31,50,user,nike,2026-04-04 00:27:05,1775233625,Just Do It.,8329773,verified account,63,6761543046434654209,True,nike
7286998227121917230,1696636504,Drop some flowers in the comments for Megan Rapinoe’s last home game 💐 #MeganRapinoe #NikeFootball ,"meganrapinoe,nikefootball",208464585232822272,nike,74121,1717,37,10,40,user,nike,2026-04-04 00:27:05,1775233625,Just Do It.,8329773,verified account,15,6817342688401033218,True,nike
7286925627456785706,1696619595,1️⃣ of a kind boots for a 1️⃣ of a kind person 💖 #MeganRapinoe #NikeFootball ,"meganrapinoe,nikefootball",208464585232822272,nike,85280,5788,63,120,276,user,nike,2026-04-04 00:27:05,1775233625,Just Do It.,8329773,verified account,16,7083048360948598785,True,nike
7286912366917324075,1696616522,Nike and @well+good bring you an experience to open your minds. Open 10/6-10/8 at House of Good... 🧘‍♀️ 🪷 🧘‍♂️ #relaxation #nikewellcollective #wellness #mentalhealthmatters #mentalhealthday ,"relaxation,nikewellcollective,wellness,mentalhealthmatters,mentalhealthday",208464585232822272,nike,41549,1404,18,21,44,user,nike,2026-04-04 00:27:05,1775233625,Just Do It.,8329773,verified account,35,6901140570341656578,True,nike
7286133479379619118,1696435170,Blind ranking with The King 👑.  How would you rank these timeless #LeBron sneaker colorways? 👀,lebron,208464585232822272,nike,1361189,123514,370,1035,7440,user,nike,2026-04-04 00:27:05,1775233625,Just Do It.,8329773,verified account,39,7246962756057417729,True,nike
7285762613663911214,1696348822,"The #Nike Vomero 5, a #Y2K favorite, gets a modern refresh 👀🔥 ","nike,y2k",208464585232822272,nike,66825,1648,42,16,59,user,nike,2026-04-04 00:27:09,1775233629,Just Do It.,8330124,verified account,72,7285762693330455342,True,nike
7285403398034165035,1696265182,What can't @Giannis Antetokounmpo do? #ZoomFreak5 ,zoomfreak5,208464585232822272,nike,1583422,200744,1244,5501,12354,user,nike,2026-04-04 00:27:09,1775233629,Just Do It.,8330124,verified account,20,7285403466515958574,True,nike
7283907082615786798,1695916788,Keep your eyes on the skies 👀☁️ #LeBron XXI will have you jumping to the moon 🌚 ,lebron,208464585232822272,nike,2157611,251573,1363,3946,11365,user,nike,2026-04-04 00:27:09,1775233629,Just Do It.,8330124,verified account,13,7283907108398156590,True,nike
7283661312356355371,1695859561,#stitch with @Rigoberto Gonzalez Thought we would clear up this confusion… 😉 ,stitch,208464585232822272,nike,67816,2698,69,32,84,user,nike,2026-04-04 00:27:09,1775233629,Just Do It.,8330124,verified account,26,7283661354471312170,True,nike
7283536165121101102,1695830422,"@Caitlin Clark is used to beating the shot clock on the court, but how about in the hot seat? 🥵 🎤 #niketech",niketech,208464585232822272,nike,67148,2209,23,52,137,user,nike,2026-04-04 00:27:09,1775233629,Just Do It.,8330124,verified account,20,7283536194284047150,True,nike
7282462532109913390,1695580449,"A custom jacket for an all-American hero ⭐️  Check out the details in the making of Megan Rapinoe’s jacket, honoring a legendary @U.S. Soccer career ✨#nikefootball #allamericanhero #uswnt #meganrapinoe ","nikefootball,allamericanhero,uswnt,meganrapinoe",208464585232822272,nike,93831,1964,119,33,80,user,nike,2026-04-04 00:27:09,1775233629,Just Do It.,8330124,verified account,28,7281696846286800897,True,nike
7281001331429510443,1695240236,Sometimes you just do it for the run map 🏃‍♀️💪 #Nike @Strava ,nike,208464585232822272,nike,131170,5718,71,37,155,user,nike,2026-04-04 00:27:09,1775233629,Just Do It.,8330124,verified account,8,6828784280135617285,True,nike
7280946208951110954,1695227406,The partnership we’ve all been waiting for. 👏 #Nike is now on @Strava. 🔒,nike,208464585232822272,nike,83794,3663,49,35,110,user,nike,2026-04-04 00:27:09,1775233629,Just Do It.,8330124,verified account,13,7260645873666394907,True,nike
7280765722547080491,1695185380,When the photo makes it out of the group chat and on to a wall at UofO💚💛 #sabrina1 #sabrinaionescu #basketball #universityoforegon ,"sabrina1,sabrinaionescu,basketball,universityoforegon",208464585232822272,nike,61250,1740,19,6,42,user,nike,2026-04-04 00:27:09,1775233629,Just Do It.,8330124,verified account,13,6900965759963367425,True,nike
7280567609681022250,1695139252,Quick! #NikeTech hoodie or joggers? 🥵 These are some 🔥 takes. ,niketech,208464585232822272,nike,64312,3000,31,18,85,user,nike,2026-04-04 00:27:09,1775233629,Just Do It.,8330124,verified account,26,7280567637845756718,True,nike
7279840558502137131,1694969974,Shot today 📸. Iconic forever ♾️. #OnlyBasketball 🏀,onlybasketball,208464585232822272,nike,83021,5461,46,86,293,user,nike,2026-04-04 00:27:12,1775233632,Just Do It.,8329773,verified account,16,7279840593298279214,True,nike
7279098893856541995,1694797305,What’s @Jamal Musiala’s football style in 3️⃣ emojis? 🤔 Find out his answer and more in this quick 🔥 Q&A!  #NikeFootball #Tiempo ,"nikefootball,tiempo",208464585232822272,nike,108153,4341,25,66,560,user,nike,2026-04-04 00:27:12,1775233632,Just Do It.,8329773,verified account,57,7279098986731588395,True,nike
7279082892385455402,1694793573,"On and off the pitch, or even in a Berlin art gallery, @Jamal Musiala is Mad Ready with perfect touch in the Tiempo 10 🤌🎨 #NikeFootball #Tiempo ","nikefootball,tiempo",208464585232822272,nike,92975,6446,41,69,317,user,nike,2026-04-04 00:27:12,1775233632,Just Do It.,8329773,verified account,18,6756879114637934600,True,nike
7278742779457539371,1694714378,#memphy is ready for any DJ set. #Stylebreakdown :  🪩 Essential Woven Cargo Pants 🪩 Indy Plunge Cut-Out Bra 🪩 Gamma Force 🪩French Terry Crop Top ,"memphy,stylebreakdown",208464585232822272,nike,643033,3869,30,72,87,user,nike,2026-04-04 00:27:12,1775233632,Just Do It.,8329773,verified account,13,7278742812399504174,True,nike
7278723244822187310,1694709827,"As versatile as the Queen herself, Serena’s favorite 3-in-1 jacket gives you the flexibility to serve in more ways than one ✨ Shop the collection. Link in bio.",,208464585232822272,nike,33058,604,7,13,31,user,nike,2026-04-04 00:27:12,1775233632,Just Do It.,8329773,verified account,34,7065828972470241282,True,nike
7278372313781783851,1694628127,A hooper’s hunger can’t be satisfied.  Stay hungry hoopers. 🍔 @Sabrina Ionescu  #Sabrina1 #SabrinasLawsoftheGame #SabrinaIonescu,"sabrina1,sabrinaslawsofthegame,sabrinaionescu",208464585232822272,nike,46630,1373,29,16,66,user,nike,2026-04-04 00:27:12,1775233632,Just Do It.,8329773,verified account,23,7278372343716662058,True,nike
7277779546621971754,1694490109,"Our JDI Awards Show Host @Hasan Minhaj had his sneaker-takes ready to go 😂 Honestly, how are you wearing your #AF1 ?",af1,208464585232822272,nike,226053,16482,68,636,583,user,nike,2026-04-04 00:27:12,1775233632,Just Do It.,8329773,verified account,48,6817306305766639617,True,nike
7277749731520974123,1694483167,#KevinDurant has some plans for the future 🫣,kevindurant,208464585232822272,nike,92807,5557,54,98,227,user,nike,2026-04-04 00:27:12,1775233632,Just Do It.,8329773,verified account,17,7208221213133671214,True,nike
7277723877894114603,1694477147,This week we celebrated Just Do It (JDI) Day at #NikeWHQ and the legends were out. We caught up with some of them on the Orange Carpet 👀,nikewhq,208464585232822272,nike,31935,913,12,9,37,user,nike,2026-04-04 00:27:12,1775233632,Just Do It.,8329773,verified account,108,6817306305766639617,True,nike
7277671094268611870,1694464879,Looks were giving at the @To Many More x #Nike women block party in Brooklyn 😤🫶✨ #fashionweek ,"nike,fashionweek",208464585232822272,nike,33613,1270,8,19,37,user,nike,2026-04-04 00:27:16,1775233636,Just Do It.,8330124,verified account,26,6947862775708420098,True,nike
7277259273439300910,1694368976,"Always think ahead. Know where @Sabrina Ionescu is gonna go, even before she does in this game of This or That? 👁️🧠🏀 #Sabrina1 #SabrinasLawsoftheGame #SabrinaIonescu","sabrina1,sabrinaslawsofthegame,sabrinaionescu",208464585232822272,nike,90404,2627,21,49,133,user,nike,2026-04-04 00:27:16,1775233636,Just Do It.,8330124,verified account,13,7277259322768247594,True,nike
7276486278772690206,1694188998,#CarlosAlcaraz answers some this or that questions in his all new #NikeTech 👀🔥,"carlosalcaraz,niketech",208464585232822272,nike,270358,8476,44,124,477,user,nike,2026-04-04 00:27:16,1775233636,Just Do It.,8330124,verified account,7,6574305178277645058,True,nike
7276123372986076458,1694104504,Megan Rapinoe shows us how she wears her 2023 Nike Collection. Available now on Nike.com 🔥#NikeFitCheck,nikefitcheck,208464585232822272,nike,52217,1826,28,12,51,user,nike,2026-04-04 00:27:16,1775233636,Just Do It.,8330124,verified account,11,7055804490242377730,True,nike
7275821593681513770,1694034237,"If #Mercurial is house 🔊  and #Tiempo is soul 🎺, then what’s the new #PhantomLuna? ⚽️✨","mercurial,tiempo,phantomluna?",208464585232822272,nike,51056,1503,39,39,88,user,nike,2026-04-04 00:27:16,1775233636,Just Do It.,8330124,verified account,67,7275821692222819115,True,nike
7275758790765677867,1694019610,What do burritos have to do with #football boots? 🌯⚽️🤔 Peek inside the sketchbook of a #Nike designer to find out 🎨👀,"football,nike",208464585232822272,nike,38039,1727,18,29,68,user,nike,2026-04-04 00:27:16,1775233636,Just Do It.,8330124,verified account,75,7275758811929905962,True,nike
7275403388190297387,1693936864,How it Started ➡️ How it’s Going.  @Sabrina Ionescu is just getting started. 🏀 👟,,208464585232822272,nike,48524,1723,23,18,67,user,nike,2026-04-04 00:27:16,1775233636,Just Do It.,8330124,verified account,17,7275403384835050286,True,nike
7275376690396794155,1693930648,"Saquon Barkley weighs in on his go-to #NikeTech moves, from game days 🏈 to gym days 🏋",niketech,208464585232822272,nike,43477,1684,13,26,58,user,nike,2026-04-04 00:27:16,1775233636,Just Do It.,8330124,verified account,18,7275376687901330222,True,nike
7275038282000436510,1693851868,Sitting down with tennis pro #CarlosAlcaraz to answer some of our #Nike rapid-fire questions. 👀🔥,"carlosalcaraz,nike",208464585232822272,nike,162493,5611,43,118,457,user,nike,2026-04-04 00:27:16,1775233636,Just Do It.,8330124,verified account,15,7087902657213384705,True,nike
7274722797849480491,1693778406,Fast is fast but Kylian Mbappé serves up unreal speed. Are you fast enough to keep up? 👀 #mercurial #nikefootball ,"mercurial,nikefootball",208464585232822272,nike,526109,44734,193,412,2966,user,nike,2026-04-04 00:27:16,1775233636,Just Do It.,8330124,verified account,14,7274722859178658602,True,nike
7274692006847253802,1693771232,"You asked, Kylian Mbappé answered. ⚡️ From shoes to speed and animals to advice. #mercurial #nikefootball ","mercurial,nikefootball",208464585232822272,nike,302405,33290,328,901,3366,user,nike,2026-04-04 00:27:20,1775233640,Just Do It.,8330124,verified account,33,7274692021443382059,True,nike
7274660845618089258,1693763978,Our kids had some fun with Kylian Mbappé on set 👀😂 #mercurial #mbappe ,"mercurial,mbappe",208464585232822272,nike,5306635,545359,826,3948,45109,user,nike,2026-04-04 00:27:20,1775233640,Just Do It.,8330124,verified account,18,7274660860872706858,True,nike
7274421981167078686,1693708375,We decided to give #FrancesTiafoe a little present and this was his reaction…🫣,francestiafoe,208464585232822272,nike,53449,2097,26,10,62,user,nike,2026-04-04 00:27:20,1775233640,Just Do It.,8330124,verified account,34,7114694722316142594,True,nike
7274340150077951262,1693689326,Can #FrancesTiafoe answer our rapid-fire questions while playing a game of ping pong? 👀 #tennis #Nike ,"francestiafoe,tennis,nike",208464585232822272,nike,44376,1456,19,12,46,user,nike,2026-04-04 00:27:20,1775233640,Just Do It.,8330124,verified account,36,6991943109416667137,True,nike
7273950149322362154,1693598505,The Sabrina 1 ⚡ Spark ⚡  is here to light up your game...,,208464585232822272,nike,239375,9068,59,314,587,user,nike,2026-04-04 00:27:20,1775233640,Just Do It.,8330124,verified account,34,7273950583412362027,True,nike
7273516582993661215,1693497562,Rapid fire questions with #tennispro @Madison Keys at NYHQ 👀🔥,tennispro,208464585232822272,nike,51877,1043,26,16,46,user,nike,2026-04-04 00:27:20,1775233640,Just Do It.,8330124,verified account,89,7090989235536136194,True,nike
7273257933746507038,1693437351,#TaylorFritz answers some of our rapid fire questions at NYHQ before he hits the #tenniscourt…👀🔥 ,"taylorfritz,tenniscourt",208464585232822272,nike,48539,962,15,31,66,user,nike,2026-04-04 00:27:20,1775233640,Just Do It.,8330124,verified account,60,7273257961659665183,True,nike
7273241167683341614,1693433440,#Design director 🎨 and #astrology buff 🔭 Jessica returns with more Luna boots as star signs 🌙✨ #nike #nikefootball #nikefc,"design,astrology,nike,nikefootball,nikefc",208464585232822272,nike,35869,788,16,19,37,user,nike,2026-04-04 00:27:20,1775233640,Just Do It.,8330124,verified account,88,7273241207197682475,True,nike
7273217529332469035,1693427934,What if your football boots ⚽️🥾… matched your #zodiac sign 🌌🤯 (Part 1 of 2) #nike #nikefootball #nikefc,"zodiac,nike,nikefootball,nikefc",208464585232822272,nike,36459,765,21,7,48,user,nike,2026-04-04 00:27:20,1775233640,Just Do It.,8330124,verified account,85,7273217580679088939,True,nike
7273176841303756075,1693418467,"For Kylian Mbappé, it’s fast at first sight 🤩 ⚡️ #mercurial #nikefootball","mercurial,nikefootball",208464585232822272,nike,4145383,318687,1419,5409,23826,user,nike,2026-04-04 00:27:20,1775233640,Just Do It.,8330124,verified account,19,7273176890272549675,True,nike
7272937332876037418,1693362693,"Before and after running 196 miles, 30 hours of no sleep, scortching heat and dark nights, our #HoodToCoast team was still locked in 🔐 … well sorta. 😂 #nikerunning ","hoodtocoast,nikerunning",208464585232822272,nike,45396,1106,11,39,44,user,nike,2026-04-04 00:27:23,1775233643,Just Do It.,8330124,verified account,64,6890931717050222594,True,nike
7272837036678171934,1693339364,"@Carlos Alcaraz 🧠❤️🥚🥚 in all new #NikeTech Fleece, the ultimate fit for #TechTuesday 🔥 ","niketech,techtuesday",208464585232822272,nike,890587,36701,203,2492,2494,user,nike,2026-04-04 00:27:23,1775233643,Just Do It.,8330124,verified account,9,6990972856171497473,True,nike
7272743680186928427,1693317607,The energy is 🆙 for Tech Tuesday 🔥 Show us how you’re rocking your Tech Tuesday fits 📸 by using this sound and #NikeTech ,niketech,208464585232822272,nike,875924,35477,273,1645,2877,user,nike,2026-04-04 00:27:23,1775233643,Just Do It.,8330124,verified account,33,7272743723190979370,True,nike
7272071587627584814,1693161118,Replying to @k8 Et voila! 😍 Check out how Grace Geyoro’s ⚽🇫🇷 fave crew put their own spin on the Phantom Luna with #NikeByYou. ,nikebyyou,208464585232822272,nike,292749,10089,64,93,839,user,nike,2026-04-04 00:27:23,1775233643,Just Do It.,8330124,verified account,50,7272071591230540586,True,nike
7272063364619111723,1693159209,Grace Geyoro ⚽🇫🇷 has a surprise for her fave local crew. 🎉 #NikeByYou ,nikebyyou,208464585232822272,nike,31006,693,12,12,35,user,nike,2026-04-04 00:27:23,1775233643,Just Do It.,8330124,verified account,26,7272063418915015466,True,nike
7271762107996146986,1693089069,"Replying to @Marley Ok, that happened. Now see how 🔥 Portland Community FC made their Phantom Luna ⚽ boots. #NikeByYou ",nikebyyou,208464585232822272,nike,42435,1113,13,12,64,user,nike,2026-04-04 00:27:23,1775233643,Just Do It.,8330124,verified account,47,7271762158306724651,True,nike
7271754095482965290,1693087201,"Wait, what?! Watch Crystal Dunn ⚽🇺🇸 surprise her fave local crew. 🤫 #NikeByYou ",nikebyyou,208464585232822272,nike,24337,662,12,11,28,user,nike,2026-04-04 00:27:23,1775233643,Just Do It.,8330124,verified account,37,7271754137175051051,True,nike
7271661649243802923,1693065681,@DRUSKI these #basketball drills are getting a little out of hand 😂. @Sabrina Ionescu what do you think?,basketball,208464585232822272,nike,34392,1473,14,48,95,user,nike,2026-04-04 00:27:23,1775233643,Just Do It.,8330124,verified account,36,7271661706714155818,True,nike
7271020689258220846,1692916438,How do you lace up to go run? 👀  Check out this pro tip with Coach Bennett for a more comfortable workout ✨#Running #nikerunning ,"running,nikerunning",208464585232822272,nike,60364,1436,20,43,132,user,nike,2026-04-04 00:27:23,1775233643,Just Do It.,8330124,verified account,57,6936197961279408130,True,nike
7271001059970141482,1692911875,"Be honest, #VashtiCunningham is probably clearing you too. #highjump ","vashticunningham,highjump",208464585232822272,nike,131792,9861,31,24,186,user,nike,2026-04-04 00:27:23,1775233643,Just Do It.,8330124,verified account,53,7148066366782703617,True,nike
7270635142568316202,1692826675,"Everyone’s #period is different, but the #Nike One Leak Protection: Period Shorts keep leaks from cramping her style no matter her age or size❣️👩‍👧","period,nike",208464585232822272,nike,36349,724,22,24,31,user,nike,2026-04-04 00:27:27,1775233647,Just Do It.,8329774,verified account,14,6769436112617211905,True,nike
7270548317963128106,1692806464,"Ready to pull up to girls night in, Creative Consultant @Ah-Niyah Gold wears: 🧡 Phoenix Fleece Over-Oversized Hoodie 🧡 Phoenix Fleece Shorts 🧡Tech Hera #stylebreakdown",stylebreakdown,208464585232822272,nike,1944904,9771,20,73,61,user,nike,2026-04-04 00:27:27,1775233647,Just Do It.,8329774,verified account,12,7270548347205733162,True,nike
7270548167169559854,1692806429,A chill studio day with Knitwear Designer @Linmix featuring: ⭐️ Alate Bra ⭐️ #AirMax 1 ‘87 ⭐️ #TechPack Repel Jacket ⭐️ #Nike United Tracksuit Skirt,"airmax,techpack,nike",208464585232822272,nike,4949664,19181,52,204,81,user,nike,2026-04-04 00:27:27,1775233647,Just Do It.,8329774,verified account,12,7270548221791832874,True,nike
7270238831889124650,1692734402,#Nike athletes weigh in on #NikeTech colors. How do you feel about these #techfleece 🔥 takes? ,"nike,niketech,techfleece",208464585232822272,nike,92116,3546,34,26,228,user,nike,2026-04-04 00:27:27,1775233647,Just Do It.,8329774,verified account,44,7270238889606941482,True,nike
7270177592244784427,1692720139,"Ready, set, sound off  🗣️ How many questions can @Victor Wembanyama answer before the buzzer? 😅 #nike #techfleece","nike,techfleece",208464585232822272,nike,40519,2300,16,14,85,user,nike,2026-04-04 00:27:27,1775233647,Just Do It.,8329774,verified account,25,7270177611974708010,True,nike
7270093744983166254,1692700620,Spend your last episode of this tournament’s Nike FC.TV recapping it all with @ryhanna parara 🤝 #NikeFootball #Lionesses #LaurenHemp #LaurenJames #KieraWalsh #GeorgiaStanway #ChloeKelly #LucyBronze #SarinaWiegman #EllaToone #WomensSoccer #Soccer #Football #NikeFC,"nikefootball,lionesses,laurenhemp,laurenjames,kierawalsh,georgiastanway,chloekelly,lucybronze,sarinawiegman,ellatoone,womenssoccer,soccer,football,nikefc",208464585232822272,nike,3807217,26566,159,165,179,user,nike,2026-04-04 00:27:27,1775233647,Just Do It.,8329774,verified account,64,7270093726813506350,True,nike
7269982159669333294,1692674637,"It’s no surprise the world’s biggest stage brought the world’s biggest stories ⚽️ 🤝 🌎 @Megan | Soccer Host & Creator recaps just how much of an impact the global game has had on players, athletes, and countries on Nike FC.TV ⚽️ 📺 #NikeFootball #Soccer #WomensSoccer #Football #SoccerViewership #WomensFootball #TicketSales","nikefootball,soccer,womenssoccer,football,soccerviewership,womensfootball,ticketsales",208464585232822272,nike,4468101,29033,52,123,152,user,nike,2026-04-04 00:27:27,1775233647,Just Do It.,8329774,verified account,46,7269982184412252971,True,nike
7269435034031918378,1692547251,Replying to @Nike  ROLL CALL 📋❤️‍🔥 Nike Presents: 1000 Victories - A TikTok Community Story | FINAL Part 19 #NikeFC,nikefc,208464585232822272,nike,32700,585,32,13,23,user,nike,2026-04-04 00:27:27,1775233647,Just Do It.,8329774,verified account,34,7269435071671601962,True,nike
7269434283847241006,1692547080,Replying to @James Edwards  Hard work + + + Nike Presents: 1000 Victories - A TikTok Community Story | Part 18 #NikeFC,nikefc,208464585232822272,nike,399451,3170,19,33,31,user,nike,2026-04-04 00:27:27,1775233647,Just Do It.,8329774,verified account,60,7269434317586320174,True,nike
7269425923810790699,1692545138,Replying to @kate  Everyone's together 👯‍♀️ Nike Presents: 1000 Victories - A TikTok Community Story | Part 17 #NikeFC,nikefc,208464585232822272,nike,17869,455,16,11,24,user,nike,2026-04-04 00:27:31,1775233651,Just Do It.,8329774,verified account,51,7269425991762676522,True,nike
7269423873589005614,1692544662,Replying to @katiegurg_  14 year old me 👼🏻 Nike Presents: 1000 Victories - A TikTok Community Story | Part 16 #NikeFC,nikefc,208464585232822272,nike,17006,468,14,12,28,user,nike,2026-04-04 00:27:31,1775233651,Just Do It.,8329774,verified account,56,7269423933504768810,True,nike
7269418377435778347,1692543376,Replying to @Darcy McFarlane Coaching blind football 😎 Nike Presents: 1000 Victories - A TikTok Community Story | Part 15 #NikeFC,nikefc,208464585232822272,nike,18728,507,8,7,27,user,nike,2026-04-04 00:27:31,1775233651,Just Do It.,8329774,verified account,33,7269418401398836010,True,nike
7269402937452186926,1692539796,Replying to @Natalie Mussotto  That ✨ feeling ✨ Nike Presents: 1000 Victories - A TikTok Community Story | Part 14 #NikeFC,nikefc,208464585232822272,nike,16586,427,10,12,15,user,nike,2026-04-04 00:27:31,1775233651,Just Do It.,8329774,verified account,15,7269403016020347691,True,nike
7269395464045333802,1692538057,Replying to @Kenz McGuire  Love 💖 for the game Nike Presents: 1000 Victories - A TikTok Community Story | Part 13 #NikeFC,nikefc,208464585232822272,nike,15763,454,16,13,24,user,nike,2026-04-04 00:27:31,1775233651,Just Do It.,8329774,verified account,33,7269395564511480618,True,nike
7269393705084128558,1692537637,Replying to @KPO  New boots but not the ones you want. 🙅🏾‍♀️ Nike Presents: 1000 Victories - A TikTok Community Story | Part 12 #NikeFC,nikefc,208464585232822272,nike,4174168,30917,134,160,77,user,nike,2026-04-04 00:27:31,1775233651,Just Do It.,8329774,verified account,40,7269393751749987118,True,nike
7269360891940834602,1692530026,Replying to @cherie_lea  Fit check 🔥 Nike Presents: 1000 Victories - A TikTok Community Story | Part 11 #NikeFC,nikefc,208464585232822272,nike,19601,642,16,25,44,user,nike,2026-04-04 00:27:31,1775233651,Just Do It.,8329774,verified account,46,7269361009276554026,True,nike
7269359383560146218,1692529699,The @CommBank Matildas made everyone football fans this month 💛 💚 @Kat Haddad wraps the Tillies final moments on the world’s biggest stage on this episode of Nike FC.TV 📺 ⚽ ️ #NikeFootball #Matildas #Australia #Tillies #MackenzieArnold #StephCatley #KatrinaGorry #HayleyRaso #SamKerr #WomensSoccer #Football #Soccer #NikeFC #NikeFootball #Matildas #Australia #Tillies #MackenzieArnold #StephCatley #KatrinaGorry #HayleyRaso #SamKerr #WomensSoccer #Football #Soccer,"nikefootball,matildas,australia,tillies,mackenziearnold,stephcatley,katrinagorry,hayleyraso,samkerr,womenssoccer,football,soccer,nikefc,nikefootball,matildas,australia,tillies,mackenziearnold,stephcatley,katrinagorry,hayleyraso,samkerr,womenssoccer,football,soccer",208464585232822272,nike,3173610,36261,128,165,179,user,nike,2026-04-04 00:27:31,1775233651,Just Do It.,8329774,verified account,125,7269359646601693994,True,nike
7269317949683436846,1692520027,Replying to @Jody Meikle  Storytime 📣 Nike Presents: 1000 Victories - A TikTok Community Story | Part 10 #NikeFC,nikefc,208464585232822272,nike,3144211,22673,121,287,96,user,nike,2026-04-04 00:27:31,1775233651,Just Do It.,8329774,verified account,22,7269318064133393195,True,nike
7269293193588526378,1692514241,"Replying to @Holywater 🌊   3, 2, 1! 🦇🌈 Nike Presents: 1000 Victories - A TikTok Community Story | Part 9 #NikeFC",nikefc,208464585232822272,nike,442250,3017,194,248,36,user,nike,2026-04-04 00:27:31,1775233651,Just Do It.,8329774,verified account,26,7269293242229754666,True,nike
7269240790835186990,1692502026,Replying to @Tomas Ramirez  Lucky Girls ⚡️ Nike Presents: 1000 Victories - A TikTok Community Story | Part 8 #NikeFC,nikefc,208464585232822272,nike,15525,385,11,4,14,user,nike,2026-04-04 00:27:35,1775233655,Just Do It.,8329774,verified account,54,7269240809470397230,True,nike
7269210967840574766,1692495081,Replying to @Darcy McFarlane  It's all worth it. 🏆 Nike Presents: 1000 Victories - A TikTok Community Story | Part 7 #NikeFC,nikefc,208464585232822272,nike,373215,2747,15,23,30,user,nike,2026-04-04 00:27:35,1775233655,Just Do It.,8329774,verified account,15,7269210986681977646,True,nike
7269188565035224366,1692489868,"Replying to @t.u.r.b.o_t.h.o.t   Breathe, Sleep, Live, ⚽️ Nike Presents: 1000 Victories - A TikTok Community Story | Part 6  #NikeFC",nikefc,208464585232822272,nike,19298,655,12,11,27,user,nike,2026-04-04 00:27:35,1775233655,Just Do It.,8329774,verified account,27,7269188582504532778,True,nike
7269070824206765354,1692462452,"Replying to @laurenmaelt  Go, Go, Go. 🚦 Nike Presents: 1000 Victories - A TikTok Community Story | Part 5 #NikeFC",nikefc,208464585232822272,nike,2644409,13399,48,84,35,user,nike,2026-04-04 00:27:35,1775233655,Just Do It.,8329774,verified account,33,7269070835602770731,True,nike
7268993894518672686,1692444585,"Replying to @theladiesleague On off days, we walk ☀️ Nike Presents: 1000 Victories - A TikTok Community Story | Part 4 #NikeFC",nikefc,208464585232822272,nike,912936,4700,17,49,43,user,nike,2026-04-04 00:27:35,1775233655,Just Do It.,8329774,verified account,73,7268994053683940139,True,nike
7268978951048006954,1692441141,Replying to @bennettdewan GRWM: Game Day 💅🏽⚽️ Nike Presents: 1000 Victories - A TikTok Community Story | Part 3 #NikeFC,nikefc,208464585232822272,nike,261183,1101,21,37,28,user,nike,2026-04-04 00:27:35,1775233655,Just Do It.,8329774,verified account,25,7268979243210541870,True,nike
7268963088697658670,1692437420,Replying to @mollyst3 Small victories💝 Big Victories💕 Nike Presents: 1000 Victories - A TikTok Community Story | Part 2  #NikeFC,nikefc,208464585232822272,nike,1056805,3954,64,123,41,user,nike,2026-04-04 00:27:35,1775233655,Just Do It.,8329774,verified account,26,7268963294738762542,True,nike
7268932894117154094,1692430359,Victory is... 🧐 Nike Presents: 1000 Victories - A TikTok Community Story | Part 1   #NikeFC,nikefc,208464585232822272,nike,114812,905,60,83,65,user,nike,2026-04-04 00:27:35,1775233655,Just Do It.,8329774,verified account,33,7268932978305944362,True,nike
7268563531027598635,1692344380,🥅💥⚽️ Smash ‘em 💪 #NikeFC #nikefootball ,"nikefc,nikefootball",208464585232822272,nike,36344,1398,21,33,48,user,nike,2026-04-04 00:27:35,1775233655,Just Do It.,8329774,verified account,16,7268563707947387690,True,nike
7268500059061357867,1692329570,The Lionesses 🦁 are roaring through the tournament and are one step closer to a ⭐ Catch @ryhanna parara break down what it took for these ballers to ball out on Nike FC.TV ⚽ 📺 #NikeFootball #Soccer #Football #WomensSoccer #Lionesses #EllaToone #LaurenHemp #LucyBronze #KeiraWalsh #GeorgiaStanway #EnglandFootball #nikeFC,"nikefootball,soccer,football,womenssoccer,lionesses,ellatoone,laurenhemp,lucybronze,keirawalsh,georgiastanway,englandfootball,nikefc",208464585232822272,nike,3720647,20735,48,106,191,user,nike,2026-04-04 00:27:35,1775233655,Just Do It.,8329774,verified account,47,7268500125490613034,True,nike
7268012273334242606,1692215984,Off the dome Q&A with #Nike athletes. 🤨💭 #niketech ,"nike,niketech",208464585232822272,nike,70740,2841,43,28,110,user,nike,2026-04-04 00:27:39,1775233659,Just Do It.,8330125,verified account,32,7268012273518906154,True,nike
7267950687898586410,1692201648,What does your #NikeTech color say about you? 🤔 Tap in for hot takes and drop yours below 👇 #nike #techfleece ,"niketech,nike,techfleece",208464585232822272,nike,135284,6619,67,55,383,user,nike,2026-04-04 00:27:39,1775233659,Just Do It.,8330125,verified account,49,7267950726356142890,True,nike
7267913002664348971,1692192874,Find out some more @Lucy Bronze fun facts in her @England rapid fire Q&A 👀😂⚽️ #likealioness #Lionesses #lucybronze #laurenhemp #laurenjames #england ,"likealioness,lionesses,lucybronze,laurenhemp,laurenjames,england",208464585232822272,nike,2970857,70941,298,1651,4935,user,nike,2026-04-04 00:27:39,1775233659,Just Do It.,8330125,verified account,38,7267912995509619498,True,nike
7267892696096853291,1692188146,📲 tune in 👆 for the premiere of Nike Presents: 1000 Victories - A Tiktok Community Story ⚽️💫 #NikeFC #NikeFootball #Soccer #football #1000victories ,"nikefc,nikefootball,soccer,football,1000victories",208464585232822272,nike,6992489,38249,118,268,232,user,nike,2026-04-04 00:27:39,1775233659,Just Do It.,8330125,verified account,30,7267892689952344878,True,nike
7267864316785790254,1692181573,Interrupting your regular viewing schedule for football freestlying with @Lirian Santos on Nike FC.TV⚽️✨ Duet this and show off your football skills👀  #NikeFootball #Freestyle #Soccer #FootballFreestyle #SoccerSkills #NikeFC ,"nikefootball,freestyle,soccer,footballfreestyle,soccerskills,nikefc",208464585232822272,nike,4633067,69829,187,386,431,user,nike,2026-04-04 00:27:39,1775233659,Just Do It.,8330125,verified account,19,7077807599701198849,True,nike
7267819373967052074,1692171102,These reactions are 🔥💕 Nike Presents: 1000 Victories - A TikTok Communuty Story premiering soon 👀🎥  #Nikefootball #NikeFC #1000victories #football #Soccer ,"nikefootball,nikefc,1000victories,football,soccer",208464585232822272,nike,21257429,60476,147,598,227,user,nike,2026-04-04 00:27:39,1775233659,Just Do It.,8330125,verified account,30,7267819460877142826,True,nike
7267509543570033963,1692098939,Nike FC presents: Jersey culture 💅✨⚽️🗣️ A night where visionary deisgners showcased their expression of football and style.  Tell us what your favorite look was in the comments 👇#NikeFC #jerseyculture #nikefootball #kitstyle #jerseystyle ,"nikefc,jerseyculture,nikefootball,kitstyle,jerseystyle",208464585232822272,nike,3786655,61757,311,523,371,user,nike,2026-04-04 00:27:39,1775233659,Just Do It.,8330125,verified account,25,7106816806072879106,True,nike
7266362049217940782,1691831813,France is finding their groove on the world’s biggest stage 🇫🇷 🏟️ Find the box to box breakdown with @ryhanna parara on Nike FC.TV ⚽️ 📺 #NikeFootball #NikeFC #France #SakimaKarchaoui #KenzaDali #ElisaDeAlmeida #GraceGeyoro #WomensSoccer #Football #Soccer,"nikefootball,nikefc,france,sakimakarchaoui,kenzadali,elisadealmeida,gracegeyoro,womenssoccer,football,soccer",208464585232822272,nike,48661,624,25,7,23,user,nike,2026-04-04 00:27:39,1775233659,Just Do It.,8330125,verified account,40,7266362169283922730,True,nike
7265953393548479790,1691736617,The next generation of Aussie athletes are defining #victory on their own terms - playing free and celebrating fearlessly. 💪 Because they know that victory 🏆 isn’t only found in the final. It’s found in the little moments that ✨feel✨ monumental. 🏄🏼‍♀️💃🛹⚽️ ️Show the world your victory. #Justdoit #nikeFC #matildas #australia #football #Soccer ,"victory,justdoit,nikefc,matildas,australia,football,soccer",208464585232822272,nike,1300347,11070,42,74,120,user,nike,2026-04-04 00:27:39,1775233659,Just Do It.,8330125,verified account,60,7265953343678384942,True,nike
7265866864125889835,1691716465,"From racking up #goals to rocking video game covers, women’s football is more fun to be a part of than ever. ⚽️💪 We sat down with real footy fans to chat about why‼️ #NikeFC #NikeFootball #WomensFootball #football #Soccer #records #breakingrecords #women","goals,nikefc,nikefootball,womensfootball,football,soccer,records,breakingrecords,women",208464585232822272,nike,22734,551,15,20,40,user,nike,2026-04-04 00:27:39,1775233659,Just Do It.,8330125,verified account,47,7265866835864734506,True,nike
7265826999879421230,1691707190,Behind the design with Yoon Ahn on Ambush x Nike ✨ #Ambush #Football #Soccer #NikeFootball ,"ambush,football,soccer,nikefootball",208464585232822272,nike,49786,885,16,17,70,user,nike,2026-04-04 00:27:43,1775233663,Just Do It.,8330125,verified account,26,7114970878110074882,True,nike
7265535752472137003,1691639380,Celebrating victories big and small with @Kat Haddad on this episode of Nike FC.TV ⚽️ 📺 Congratulate Norway’s tournament run and hear how the @CommBank Matildas are giving their home country a show 🎥 🎞️ 🏟️ #NikeFootball #Soccer #Football #Norway #AdaHegerberg #Australia #Madildas #Tillies #HaylayRaso #KatrinaGorry #MackenzieArnold #SamKerr #WomensSoccer #nikeFC,"nikefootball,soccer,football,norway,adahegerberg,australia,madildas,tillies,haylayraso,katrinagorry,mackenziearnold,samkerr,womenssoccer,nikefc",208464585232822272,nike,1186644,19777,28,59,41,user,nike,2026-04-04 00:27:43,1775233663,Just Do It.,8330125,verified account,143,7265535774609787694,True,nike
7265296188935507246,1691583623,@England and the @OranjeLeeuwinnen are moving their way through the tournament one beautiful play at a time 😍 Hear  @ryhanna parara’s recap of the team’s triumphs on Nike FC.TV ⚽️ 📺 #NikeFootball #Soccer #Football #England #Lionesses #Netherlands #Nigeria #KeiraWalsh #ChloeKelly #EsmeeBrugts #JillRoord #LiekeMartens #DaphneVanDomselaar #Dutch  #WomensSoccer,"nikefootball,soccer,football,england,lionesses,netherlands,nigeria,keirawalsh,chloekelly,esmeebrugts,jillroord,liekemartens,daphnevandomselaar,dutch,womenssoccer",208464585232822272,nike,23318,488,18,5,21,user,nike,2026-04-04 00:27:43,1775233663,Just Do It.,8330125,verified account,56,7265296245697137451,True,nike
7264939522960444714,1691500558,The Naija spirit never stops with the impact this team had on the world 🌎 🇳🇬 @Lirian Santos salutes the Super Falcons and spotlights Rasheedat Ajibade on this episode of Nike FC.TV.  #NikeFootball #Soccer #Football #Nigeria #Naija #SuperFalcons #RasheedatAjibade #WomensSoccer #nikeFC,"nikefootball,soccer,football,nigeria,naija,superfalcons,rasheedatajibade,womenssoccer,nikefc",208464585232822272,nike,2307747,34891,56,111,41,user,nike,2026-04-04 00:27:43,1775233663,Just Do It.,8330125,verified account,85,7264939525359536939,True,nike
7264539961024810286,1691407569,"The USWNT’s run for the trophy might be over, but there’s no denying what impact they’ve had on the game ⚽️ @Megan | Soccer Host & Creator takes you through the final moments of the team on today’s Nike FC.TV #NikeFootball #USWNT #NaomiGirma #CrystalDunn #MeganRapinoe #AlyssaNaeher #Football #WomensSoccer #USASoccer #NikeFC","nikefootball,uswnt,naomigirma,crystaldunn,meganrapinoe,alyssanaeher,football,womenssoccer,usasoccer,nikefc",208464585232822272,nike,30367,869,27,8,21,user,nike,2026-04-04 00:27:43,1775233663,Just Do It.,8330125,verified account,49,7264540063416044330,True,nike
7264459962615713067,1691388912,What’s it like to photograph the world’s best footballers? 📸⚽️ go behind the lens the #Nike National Team Kits shoot to find out. 🤩💪   Which photo is your fav 👀? #football #photography #asisatoshoala #samkerr #adahegerberg #nigeria #matildas ,"nike,football,photography,asisatoshoala,samkerr,adahegerberg,nigeria,matildas",208464585232822272,nike,18504,469,9,9,31,user,nike,2026-04-04 00:27:43,1775233663,Just Do It.,8330125,verified account,71,7264459997227060010,True,nike
7263932910317620522,1691266190,Listen as these fans waiting in line for the Billie X Nike activation tell us what they would say to @BILLIE EILISH if they got the chance…🥹🫶 #Nike #BillieEilish ,"nike,billieeilish",208464585232822272,nike,41000,2353,57,43,170,user,nike,2026-04-04 00:27:43,1775233663,Just Do It.,8330125,verified account,72,7090989235536136194,True,nike
7263714710938291498,1691215389,Buckle up for a rollercoaster of emotions on today’s Nike FC.TV with @Lirian Santos 🎢 Celebrate the Super Falcons 🇳🇬 and say goodbye to soccer legends on the Brazil 🇧🇷 & Portugal 🇵🇹 teams 👋 #Nigeria #SuperFalcons #NikeFC #AsisatOshoala #Brazil #Marta #Portugal #JessicaSilva #NikeFootball #Soccer #Football #WomensSoccer,"nigeria,superfalcons,nikefc,asisatoshoala,brazil,marta,portugal,jessicasilva,nikefootball,soccer,football,womenssoccer",208464585232822272,nike,40939,761,31,10,32,user,nike,2026-04-04 00:27:43,1775233663,Just Do It.,8330125,verified account,79,7263714696853867306,True,nike
7263622878535666990,1691194004,We asked @BILLIE EILISH fans to describe her style in one word and this is what they said…👀 #Nike #BillieEilish ,"nike,billieeilish",208464585232822272,nike,28254,1537,37,17,83,user,nike,2026-04-04 00:27:43,1775233663,Just Do It.,8330125,verified account,25,6992653273207408642,True,nike
7263502223559101738,1691165913,Let’s unbox #Billie Eilish’s new Air Alpha Force…👀😎 #Nike #SneakerUnboxing,"billie,nike,sneakerunboxing",208464585232822272,nike,87424,6360,140,318,620,user,nike,2026-04-04 00:27:43,1775233663,Just Do It.,8330125,verified account,11,7114694722316142594,True,nike
7263238508309974318,1691104512,This tournament has been GOALS 🤩 Join @ryhannaparara13 on Nike FC.TV as she recaps what it took for teams to advance 🇳🇱 🏴󠁧󠁢󠁥󠁮󠁧󠁿 🇫🇷  #NikeFootball #NikeFC #Netherlands #England #Lionesses #France #Football #Soccer #ChloeKelly #LucyBronze #MaelleLakrar #GraceGeyoro #KenzaDali #EsmeeBrugts #WomensSocce,"nikefootball,nikefc,netherlands,england,lionesses,france,football,soccer,chloekelly,lucybronze,maellelakrar,gracegeyoro,kenzadali,esmeebrugts,womenssocce",208464585232822272,nike,2383826,29901,51,96,37,user,nike,2026-04-04 00:27:46,1775233666,Just Do It.,8330126,verified account,73,7263238533744200490,True,nike
7263189489592438059,1691093101,Calling all #BillieEilish stans…Do we have an experience for you! 🔥😎 #Nike #Lollapalooza   ,"billieeilish,nike,lollapalooza",208464585232822272,nike,133690,26741,237,1361,2979,user,nike,2026-04-04 00:27:46,1775233666,Just Do It.,8330126,verified account,31,7142169219956738050,True,nike
7263142284479237418,1691082112,@BILLIE EILISH and her all new Air Alpha Force join the party here in Chicago for #Lollapalooza🔥👀 #Nike #BillieEilish,"lollapalooza🔥👀,nike,billieeilish",208464585232822272,nike,683016,146545,891,5097,20481,user,nike,2026-04-04 00:27:46,1775233666,Just Do It.,8330126,verified account,18,7221038239452006401,True,nike
7262755425014058283,1690992031,#DuetThis to get hyped up by @Hypegirl💃🏽!! #InTheWild #dance,"duetthis,inthewild,dance",208464585232822272,nike,29991,704,20,11,25,user,nike,2026-04-04 00:27:46,1775233666,Just Do It.,8330126,verified account,24,7262755432010156843,True,nike
7262709093691870507,1690981246,"The United States is ready to level up as they continue to defend their world title 🏆 🇺🇸 Get the breakdown of two of the teams icons, Alex Morgan & Megan Rapinoe, with @Megan | Soccer Host & Creator on Nike FC.TV ⚽️ 📺 #UnitedStates #USWNT #NikeFootball #Soccer #AlexMorgan #MeganRapinoe #NikeFC","unitedstates,uswnt,nikefootball,soccer,alexmorgan,meganrapinoe,nikefc",208464585232822272,nike,24815,711,14,6,26,user,nike,2026-04-04 00:27:46,1775233666,Just Do It.,8330126,verified account,79,7262709075534777130,True,nike
7262632611946695979,1690963463,From the community to the players - everyone in Brazil is good with a footy juggle⚽️ Stitch this and keep the train going!  #brazil #brazilnationalteam #football #Soccer #NikeFC #nikefootball #jugglestitch,"brazil,brazilnationalteam,football,soccer,nikefc,nikefootball,jugglestitch",208464585232822272,nike,39034,2074,35,29,83,user,nike,2026-04-04 00:27:46,1775233666,Just Do It.,8330126,verified account,17,7117830456648665089,True,nike
7262594430778051883,1690954554,Australia and Norway are ready to level up ⬆️ @Kat Haddad kicks it down under to break down both team’s matches on Nike FC.TV ⚽ #Australia #Matildas #Norway #NikeFootball #HayleyRaso #StephCatley #CarolinaGrahamHansen #Soccer #Football #WomensSoccer #NikeFC,"australia,matildas,norway,nikefootball,hayleyraso,stephcatley,carolinagrahamhansen,soccer,football,womenssoccer,nikefc",208464585232822272,nike,29924,1104,16,2,29,user,nike,2026-04-04 00:27:46,1775233666,Just Do It.,8330126,verified account,107,7262594468652583723,True,nike
7262471111558941995,1690925839,"Bunny Shaw can really do it all, from fashion to football 🔥💅⚽️ #jamaica #bunnyshaw #nikefc #nikefootball #soccer #football ","jamaica,bunnyshaw,nikefc,nikefootball,soccer,football",208464585232822272,nike,3565201,6467,20,76,44,user,nike,2026-04-04 00:27:46,1775233666,Just Do It.,8330126,verified account,11,7015113968184199169,True,nike
7262443014037998891,1690919293,The @Equipe de France are 💅💁‍♀️😤 ready to take the pitch. Do you have your France kit yet?👀 #nikefootball #nike #nikefc #francefootball #FFF #football #Soccer,"nikefootball,nike,nikefc,francefootball,fff,football,soccer",208464585232822272,nike,3021739,69802,193,623,138,user,nike,2026-04-04 00:27:46,1775233666,Just Do It.,8330126,verified account,23,7190392692071729153,True,nike
7262137054593551659,1690848055,See @Lucy Bronze and @Ella Toone serve up impressions of their @England teammates. #likealioness #Lionesses #impressions #NikeFC ,"likealioness,lionesses,impressions,nikefc",208464585232822272,nike,5208297,175517,413,3215,13549,user,nike,2026-04-04 00:27:46,1775233666,Just Do It.,8330126,verified account,25,7262137058108508971,True,nike
7262087749275094314,1690836584,Literally only compliments for the @U.S. Soccer pass the phone 💁‍♀️ They can really do it all. #uswnt #passthephone #NikeFC #football,"uswnt,passthephone,nikefc,football",208464585232822272,nike,100083,7641,29,50,283,user,nike,2026-04-04 00:27:50,1775233670,Just Do It.,8329775,verified account,20,7164911253784102913,True,nike
7261870880723160362,1690786099,Rasheedat wears her favorite color with her everywhere she goes… can you guess what it is?🥶 #nigeria #nigeriafootball #nike #NikeFC #nikefootball #football #Soccer #superfalcons ,"nigeria,nigeriafootball,nike,nikefc,nikefootball,football,soccer,superfalcons",208464585232822272,nike,33978,1032,14,26,32,user,nike,2026-04-04 00:27:50,1775233670,Just Do It.,8329775,verified account,47,7221038239452006401,True,nike
7261790006761557290,1690767252,"Catch @Lirian Santos breaking down Brazil’s performance and spotlighting Debinha’s impact on the beautiful game, only on Nike FC.TV 🇧🇷 ⚽️. What’s your favorite moment from the action so far?  #Brazil #NikeFootball #Debinha #JogaBonito #BraziliaSelecao #Football #WomensSoccer #Soccer #NWSL #NikeFC","brazil,nikefootball,debinha,jogabonito,braziliaselecao,football,womenssoccer,soccer,nwsl,nikefc",208464585232822272,nike,78010,2463,22,9,58,user,nike,2026-04-04 00:27:50,1775233670,Just Do It.,8329775,verified account,66,7261790016475646763,True,nike
7261735147962420526,1690754485,Tea please for this footballin’ Hypebeast 🍵 😎 We see you Kadeisha! #NikeFC #Kadiesha #canadasoccer ,"nikefc,kadiesha,canadasoccer",208464585232822272,nike,25545,803,9,11,34,user,nike,2026-04-04 00:27:50,1775233670,Just Do It.,8329775,verified account,30,7261735163989232430,True,nike
7261643920872901934,1690733247,🎤 🎤 🎤 is this thing on?  Yes it is and Sam Kerr is telling us all about her favorite spaghetti sandwich - yes you heard that right 🍝🥪 #nike #matildas #australia #football #Soccer #NikeFC #nikefootball #samkerr ,"nike,matildas,australia,football,soccer,nikefc,nikefootball,samkerr",208464585232822272,nike,2987854,106633,592,1888,7229,user,nike,2026-04-04 00:27:50,1775233670,Just Do It.,8329775,verified account,43,7164911253784102913,True,nike
7261348846318390571,1690664533,Caroline Hansen has a second talent outside of already being an amazing footballer. Any guesses?👀 #Norway #nikeFC #Nikefootball #Nike #Soccer #football ,"norway,nikefc,nikefootball,nike,soccer,football",208464585232822272,nike,59587,2256,26,28,120,user,nike,2026-04-04 00:27:50,1775233670,Just Do It.,8329775,verified account,47,7031101555747080194,True,nike
7261233614967344427,1690637724,"@Kat Haddad is kicking off our Nike FC.TV recap Down Under ⚽🏆🌎 Hear how New Zealand & Australia put on a show in their home countries, Norway’s defensive debut 🧤, and celebrate history with Wang Shuang. #NewZealand #Australia #Norway #China #WangShuang #FernFever #Tillies #Matildas #HannahWilkinson #SamKerr #StephCatley #EllieCarpenter #NikeFootball #Soccer #WomensSoccer #Football #NikeFC","newzealand,australia,norway,china,wangshuang,fernfever,tillies,matildas,hannahwilkinson,samkerr,stephcatley,elliecarpenter,nikefootball,soccer,womenssoccer,football,nikefc",208464585232822272,nike,39689,1584,17,6,35,user,nike,2026-04-04 00:27:50,1775233670,Just Do It.,8329775,verified account,124,7261233656876862250,True,nike
7261039263985323307,1690592459,"She may not like spicy food 🌶️, but she sure knows how to bring the heat 🔥  #NikeFC #gracegeyoro #FFF ","nikefc,gracegeyoro,fff",208464585232822272,nike,29483,815,14,13,34,user,nike,2026-04-04 00:27:50,1775233670,Just Do It.,8329775,verified account,20,7261039278707411758,True,nike
7260956524175052074,1690573201,"🚨 Do you want to be in our documentary?! 👀 if you’re in New Zealand and Australia and love football, use #1000victories and show us what your victories look like on TikTok! #NikeFC","1000victories,nikefc",208464585232822272,nike,603297,4444,40,46,74,user,nike,2026-04-04 00:27:50,1775233670,Just Do It.,8329775,verified account,19,7260956564616530734,True,nike
7260908060850375979,1690561914,#bts with @England #Lionesses 📸 #nikefootball #nike #nikefc   ,"bts,lionesses,nikefootball,nike,nikefc",208464585232822272,nike,2539471,16700,62,262,79,user,nike,2026-04-04 00:27:50,1775233670,Just Do It.,8329775,verified account,3,7083924497337714690,True,nike
7260818629053222190,1690541142,"Football news has never been easier to find with @Megan | Soccer Host & Creator on Nike FC.TV Catch who’s making big moves on the pitch, and learn about Sophia Smith’s introduction to soccer in today’s episode 📺 ⚽ #NikeFootball #Canada #USA #Football #Soccer #Quinn #ChristineSinclair #JordynHuitema #CanadaSoccer #USSoccer #USWNT #SophiaSmith #NikeFC","nikefootball,canada,usa,football,soccer,quinn,christinesinclair,jordynhuitema,canadasoccer,ussoccer,uswnt,sophiasmith,nikefc",208464585232822272,nike,40038,1633,13,6,25,user,nike,2026-04-04 00:27:54,1775233674,Just Do It.,8329774,verified account,65,7260818784141806382,True,nike
7260644953670356266,1690500652,MFP? (Most Fashionable Player) Obviously 😏 🏆 #NikeFC ,nikefc,208464585232822272,nike,67741,3155,10,28,202,user,nike,2026-04-04 00:27:54,1775233674,Just Do It.,8329774,verified account,26,7260644973883116331,True,nike
7260605406236445994,1690491442,No scrubs here 🧽 only super star Crystal Dunn 😍 #uswnt #NikeFC #football #Soccer #usa #crystaldunn ,"uswnt,nikefc,football,soccer,usa,crystaldunn",208464585232822272,nike,72135,5232,11,56,126,user,nike,2026-04-04 00:27:54,1775233674,Just Do It.,8329774,verified account,43,7164911252496451586,True,nike
7260561811282464042,1690481296,Anyone else want to hear Rose Lavelle’s performance of her favorite karaoke song🙋🏼‍♀️ #uswnt #usa #NikeFC #football #Soccer #RoseLavelle ,"uswnt,usa,nikefc,football,soccer,roselavelle",208464585232822272,nike,650473,47911,167,790,1216,user,nike,2026-04-04 00:27:54,1775233674,Just Do It.,8329774,verified account,34,7164911253784102913,True,nike
7260421418809134379,1690448630,"Talking about the world stage with our football friend, @Lirian Santos on Nike FC.TV Tune in as we break down: 💫 Jéssica Silva shining in her debut 🎩 Goal scoring hero Ary Borges 🔑 Asisat Oshoala’s key qualities #AryBorges #AsisatOshoala #JessicaSilva #KikaNazareth #Nigeria #Portugal #Brazil #NikeFootball #WomensSoccer #Football #Brasil #NikeFC","aryborges,asisatoshoala,jessicasilva,kikanazareth,nigeria,portugal,brazil,nikefootball,womenssoccer,football,brasil,nikefc",208464585232822272,nike,27567,990,18,4,26,user,nike,2026-04-04 00:27:54,1775233674,Just Do It.,8329774,verified account,106,7260421495327230766,True,nike
7260333005334416686,1690428018,Vegemite all day for Hayley Raso - checks out 😉 🇦🇺 #nike #matildas #australia #football #Soccer #NikeFC #nikefootball #hayleyraso ,"nike,matildas,australia,football,soccer,nikefc,nikefootball,hayleyraso",208464585232822272,nike,1451086,36585,99,591,1583,user,nike,2026-04-04 00:27:54,1775233674,Just Do It.,8329774,verified account,24,7164911252496451586,True,nike
7260240975166180654,1690406587,The @CommBank Matildas are ready to take the tourney.  #nike #matildas #australia #football #Soccer #NikeFC #nikefootball ,"nike,matildas,australia,football,soccer,nikefc,nikefootball",208464585232822272,nike,2158743,38358,162,345,763,user,nike,2026-04-04 00:27:54,1775233674,Just Do It.,8329774,verified account,9,7181581498867288065,True,nike
7259998054395448622,1690350031,The debate as old as time: soccer or football? Our athletes tell us what they call it 👀  Tell us what you say below ⚽️ ⬇️ #football #Soccer #footballvssoccer #NikeFC #nikefootball ,"football,soccer,footballvssoccer,nikefc,nikefootball",208464585232822272,nike,2211994,41349,149,275,419,user,nike,2026-04-04 00:27:54,1775233674,Just Do It.,8329774,verified account,62,7013588396048943105,True,nike
7259912046941261102,1690330004,"From “guava ice”🧊 to “ghost green” 👻, Nike designers considered every detail. #design #football #NikeFC  What’s your favorite color swatch? 🎨 Tell us in the comments 💭","design,football,nikefc",208464585232822272,nike,33651,906,14,11,31,user,nike,2026-04-04 00:27:54,1775233674,Just Do It.,8329774,verified account,70,7259912040989526830,True,nike
7259848568150691115,1690315222,When everyone on the team shows up to practice in the same fit 🫣 #Ambush Football Team #OOTD ,"ambush,ootd",208464585232822272,nike,61687,2582,25,44,199,user,nike,2026-04-04 00:27:54,1775233674,Just Do It.,8329774,verified account,41,7259848571724253995,True,nike
7259842888589266219,1690313900,Bring the levels in true @England Lioness style ⚽️💥 Flex your skills with @Kaljit Atwal in the #likealioness challenge👀 Use the hashtag and show us how you play #likealioness  #challenge #nikefc ,"likealioness,likealioness,challenge,nikefc",208464585232822272,nike,20686,803,15,15,33,user,nike,2026-04-04 00:27:57,1775233677,Just Do It.,8330125,verified account,14,7259842878430628651,True,nike
7259692260055518510,1690278834,Run it back with @ryhanna parara for recaps on Nike FC.TV Tune in today as we: 🪄Watch a magic show by Kenza Dali 🦁 See the strength of the mighty Lionesses 🎯 Bask in the brilliance of Bunny Shaw #Lionesses #BunnyShaw #KhadijaShaw #GraceGeyoro #ChloeKelly #KenzaDali #GeorgiaStanway #football #Soccer #WomensFootball #NikeFootball #NikeFC,"lionesses,bunnyshaw,khadijashaw,gracegeyoro,chloekelly,kenzadali,georgiastanway,football,soccer,womensfootball,nikefootball,nikefc",208464585232822272,nike,36600,1622,11,10,25,user,nike,2026-04-04 00:27:57,1775233677,Just Do It.,8330125,verified account,90,7259692176237185838,True,nike
7259644990480043307,1690267828,Do you want to guess what Ada Hegerberg’s favorite color is? 👀  HINT: she wears it A LOT. 🇳🇴 #nikefootball #nike #Soccer #norway #adahegerberg #NikeFC ,"nikefootball,nike,soccer,norway,adahegerberg,nikefc",208464585232822272,nike,85791,4952,22,19,152,user,nike,2026-04-04 00:27:57,1775233677,Just Do It.,8330125,verified account,76,7072513628145977346,True,nike
7259587414564343082,1690254423,Have you ever seen a juggle stitch like this? ⚽️ Stitch this video and show us your skills with a pass from your favorite player 🫶 Don’t forget to tag us 😉 #football #nikefc #nikekits #juggle #jugglestitch #Soccer #footballchallenge,"football,nikefc,nikekits,juggle,jugglestitch,soccer,footballchallenge",208464585232822272,nike,2523461,53703,187,503,1601,user,nike,2026-04-04 00:27:57,1775233677,Just Do It.,8330125,verified account,44,6768726019651143682,True,nike
7259448870323637546,1690222164,The new and improved Nike Swoosh Bra is here 🎉 she’s definitely an icon and now can be there for you in 3 different support types. 👏 #swooshbra #NikeFC #nikefootball #nike #nikeswooshbra ,"swooshbra,nikefc,nikefootball,nike,nikeswooshbra",208464585232822272,nike,3020145,44827,129,1010,1400,user,nike,2026-04-04 00:27:57,1775233677,Just Do It.,8330125,verified account,55,7164127855448688641,True,nike
7259259774959684907,1690178181,Thr Brazil team had some fun on set😂🤫  #nikeFC #nikefootball #brazil #brazilfootball #Soccer ,"nikefc,nikefootball,brazil,brazilfootball,soccer",208464585232822272,nike,49857,2397,21,18,42,user,nike,2026-04-04 00:27:57,1775233677,Just Do It.,8330125,verified account,7,7087632777503329030,True,nike
7259242492711701803,1690174116,Debinha pulls at our heartstrings with her pre-game ritual from her mom🫶 Learn more in Debinha’s rapid fire Q’s👀 #nike #NikeFC #nikefootball #debinha #brazil #brazilfootball ,"nike,nikefc,nikefootball,debinha,brazil,brazilfootball",208464585232822272,nike,20193,806,13,7,25,user,nike,2026-04-04 00:27:57,1775233677,Just Do It.,8330125,verified account,80,7084465663108089857,True,nike
